id,evaluation_type,phase,requirement_text,created_at,project_name
065b580e-d78a-4b4a-acde-019436c2e21f,Economical Evaluation,HSE / Safety,Noise limit: 75 dB(A) @1m,2026-01-14 09:27:35.702008+00,"PROJECT H2 PLANT IN LA ZAIDA, ZARAGOZA (SPAIN)"
066d5732-234a-42f8-86f3-a9d3e7b3e063,Economical Evaluation,Quality Assurance,Code: European/national regulations,2026-01-14 09:27:35.702008+00,"PROJECT H2 PLANT IN LA ZAIDA, ZARAGOZA (SPAIN)"
070db6bd-60ac-44c8-947b-edf45f7c7368,Economical Evaluation,Process Engineering,H2 production max: 360 kg/h,2026-01-14 09:27:35.702008+00,"PROJECT H2 PLANT IN LA ZAIDA, ZARAGOZA (SPAIN)"
0b51e964-76e8-42d5-b2fd-7f0dc4d09879,Economical Evaluation,Project Management,FEED deliverables: Annex III,2026-01-14 09:27:35.702008+00,"PROJECT H2 PLANT IN LA ZAIDA, ZARAGOZA (SPAIN)"
0fd34810-0048-48a9-84d3-57f86f9333e3,Economical Evaluation,Civil & Structural,"UTM vertex 07: X=715411, Y=4577226",2026-01-14 09:27:35.702008+00,"PROJECT H2 PLANT IN LA ZAIDA, ZARAGOZA (SPAIN)"
127f92d1-4c42-496d-9ce0-511671d93fc2,Economical Evaluation,General Requirements,Battery limit TP-006: contaminated water,2026-01-14 09:27:35.702008+00,"PROJECT H2 PLANT IN LA ZAIDA, ZARAGOZA (SPAIN)"
18f075be-e9b0-497a-a715-e88782663a46,Economical Evaluation,HSE / Safety,Flame detection: F&G system,2026-01-14 09:27:35.702008+00,"PROJECT H2 PLANT IN LA ZAIDA, ZARAGOZA (SPAIN)"
1d975211-3d08-47af-a0ee-cfc4397b3cb9,Economical Evaluation,Process Engineering,H2 supply temp: 20-40°C,2026-01-14 09:27:35.702008+00,"PROJECT H2 PLANT IN LA ZAIDA, ZARAGOZA (SPAIN)"
28f27fe8-3644-4737-ad02-d7807b6a99c0,Economical Evaluation,Mechanical Engineering,Demin water buffer: required,2026-01-14 09:27:35.702008+00,"PROJECT H2 PLANT IN LA ZAIDA, ZARAGOZA (SPAIN)"
2d84457a-9b63-468d-b32d-63d607a60a28,Economical Evaluation,HSE / Safety,H2 detection: F&G system,2026-01-14 09:27:35.702008+00,"PROJECT H2 PLANT IN LA ZAIDA, ZARAGOZA (SPAIN)"
2eb71f46-4c54-4c14-8206-a7b873e9889f,Economical Evaluation,Civil & Structural,"UTM vertex 01: X=715378, Y=4577278",2026-01-14 09:27:35.702008+00,"PROJECT H2 PLANT IN LA ZAIDA, ZARAGOZA (SPAIN)"
3249f96f-10b3-4a68-9732-b02e0af47830,Economical Evaluation,Civil & Structural,Plot area: 7943 m2,2026-01-14 09:27:35.702008+00,"PROJECT H2 PLANT IN LA ZAIDA, ZARAGOZA (SPAIN)"
3e606a41-b6e9-44a4-b2e8-12c8987e9ce4,Economical Evaluation,Civil & Structural,"UTM vertex 04: X=715537, Y=4577212",2026-01-14 09:27:35.702008+00,"PROJECT H2 PLANT IN LA ZAIDA, ZARAGOZA (SPAIN)"
3f35aef6-c00f-476d-be36-06ed4d49ef7e,Economical Evaluation,Project Management,CAPEX estimate: AACEI Class 3 (-20%/+30%),2026-01-14 09:27:35.702008+00,"PROJECT H2 PLANT IN LA ZAIDA, ZARAGOZA (SPAIN)"
443a9a56-9387-41c4-bae4-490d59626865,Economical Evaluation,Project Management,Proposal submission: 21/02/2025,2026-01-14 09:27:35.702008+00,"PROJECT H2 PLANT IN LA ZAIDA, ZARAGOZA (SPAIN)"
47250459-f080-4010-90b2-9f190e24d82e,Economical Evaluation,Mechanical Engineering,Chem dosification: service water tank,2026-01-14 09:27:35.702008+00,"PROJECT H2 PLANT IN LA ZAIDA, ZARAGOZA (SPAIN)"
4e989c5f-ba29-4fff-aa2a-d695d5bfda40,Economical Evaluation,Piping,H2 pipeline: to Evonik facility,2026-01-14 09:27:35.702008+00,"PROJECT H2 PLANT IN LA ZAIDA, ZARAGOZA (SPAIN)"
4ff23c3f-80b9-4ce0-a5a4-1303220ca3e8,Economical Evaluation,General Requirements,Plot zoning: urban industrial (PGOU),2026-01-14 09:27:35.702008+00,"PROJECT H2 PLANT IN LA ZAIDA, ZARAGOZA (SPAIN)"
5825ec78-58a2-4147-b7de-5ad797afbb5f,Economical Evaluation,Electrical Engineering,Power supply: 30 kV,2026-01-14 09:27:35.702008+00,"PROJECT H2 PLANT IN LA ZAIDA, ZARAGOZA (SPAIN)"
5a935ce0-10f4-4961-9d3b-e742855ecb98,Economical Evaluation,Process Engineering,H2 supply pressure (op): 7 barg,2026-01-14 09:27:35.702008+00,"PROJECT H2 PLANT IN LA ZAIDA, ZARAGOZA (SPAIN)"
5de978d4-15b7-41e9-94d2-21da25b857f8,Economical Evaluation,General Requirements,Effluents: homogenization tank,2026-01-14 09:27:35.702008+00,"PROJECT H2 PLANT IN LA ZAIDA, ZARAGOZA (SPAIN)"
61b33f72-43ea-45a8-91f2-7526b2c1e54e,Economical Evaluation,Project Management,Quotation validity: 6 months,2026-01-14 09:27:35.702008+00,"PROJECT H2 PLANT IN LA ZAIDA, ZARAGOZA (SPAIN)"
62607587-11f7-46aa-960e-fb4deea8771d,Economical Evaluation,Quality Assurance,Code: more restrictive applies,2026-01-14 09:27:35.702008+00,"PROJECT H2 PLANT IN LA ZAIDA, ZARAGOZA (SPAIN)"
68b5ea01-949b-4b78-90ec-b1ec089586db,Economical Evaluation,Mechanical Engineering,Compressed air: oil-free compression,2026-01-14 09:27:35.702008+00,"PROJECT H2 PLANT IN LA ZAIDA, ZARAGOZA (SPAIN)"
68fb031c-3b80-4448-b820-74c423c3d856,Economical Evaluation,Process Engineering,H2 O2 max: 0.014% v/v,2026-01-14 09:27:35.702008+00,"PROJECT H2 PLANT IN LA ZAIDA, ZARAGOZA (SPAIN)"
6aef76d7-1068-48e4-8fdf-cf1a89c436d9,Economical Evaluation,Mechanical Engineering,Instrument air oil: <0.01 mg/m3,2026-01-14 09:27:35.702008+00,"PROJECT H2 PLANT IN LA ZAIDA, ZARAGOZA (SPAIN)"
6b363757-36df-45b0-8653-f82556dc05c9,Economical Evaluation,Project Management,EPC tender: min 5 contractors,2026-01-14 09:27:35.702008+00,"PROJECT H2 PLANT IN LA ZAIDA, ZARAGOZA (SPAIN)"
6cce38e7-e627-44ca-9e05-ab7996e2b5cd,Economical Evaluation,HSE / Safety,H2 supply: no sulfur/CO,2026-01-14 09:27:35.702008+00,"PROJECT H2 PLANT IN LA ZAIDA, ZARAGOZA (SPAIN)"
6d537889-a330-46e6-b2a1-e1a1cefa12fc,Economical Evaluation,Process Engineering,H2 production annual: 2598 t/year @85%,2026-01-14 09:27:35.702008+00,"PROJECT H2 PLANT IN LA ZAIDA, ZARAGOZA (SPAIN)"
6ec1905e-2be3-4bc6-9a13-6ac01cb241cc,Economical Evaluation,Instrumentation & Control,H2 quality analyzer: required,2026-01-14 09:27:35.702008+00,"PROJECT H2 PLANT IN LA ZAIDA, ZARAGOZA (SPAIN)"
6fd08460-18b3-410d-bc2b-8e8102571de5,Economical Evaluation,General Requirements,"Location: La Zaida, Zaragoza, Spain",2026-01-14 09:27:35.702008+00,"PROJECT H2 PLANT IN LA ZAIDA, ZARAGOZA (SPAIN)"
7557da4e-8460-4c7b-9977-87728931379a,Economical Evaluation,Process Engineering,Buffer pressure: 40 barg,2026-01-14 09:27:35.702008+00,"PROJECT H2 PLANT IN LA ZAIDA, ZARAGOZA (SPAIN)"
7707e7d1-3339-4350-a985-04cfc2d0d8c4,Economical Evaluation,Mechanical Engineering,Service air: ISO 8573-1 class 1.4.1,2026-01-14 09:27:35.702008+00,"PROJECT H2 PLANT IN LA ZAIDA, ZARAGOZA (SPAIN)"
770f16e2-abc3-4ab0-88e4-0fc5bd21fc6d,Economical Evaluation,HSE / Safety,Fire protection: active & passive,2026-01-14 09:27:35.702008+00,"PROJECT H2 PLANT IN LA ZAIDA, ZARAGOZA (SPAIN)"
77e84de0-19a2-452d-92c6-b78c87a6ea76,Economical Evaluation,Piping,H2 metering: billing purposes,2026-01-14 09:27:35.702008+00,"PROJECT H2 PLANT IN LA ZAIDA, ZARAGOZA (SPAIN)"
79b6bb49-5367-482c-a87b-007cb317f749,Economical Evaluation,General Requirements,Demin water source: Evonik,2026-01-14 09:27:35.702008+00,"PROJECT H2 PLANT IN LA ZAIDA, ZARAGOZA (SPAIN)"
7e455b95-a3db-4042-a84f-e912b6634ac3,Economical Evaluation,Civil & Structural,"Plot parcel 2: 3378 m2, urban industrial",2026-01-14 09:27:35.702008+00,"PROJECT H2 PLANT IN LA ZAIDA, ZARAGOZA (SPAIN)"
80681e35-ec30-43ea-adbb-6f7a233594a1,Economical Evaluation,Civil & Structural,"Plot parcel 1: 4565 m2, urban industrial",2026-01-14 09:27:35.702008+00,"PROJECT H2 PLANT IN LA ZAIDA, ZARAGOZA (SPAIN)"
887ba604-519a-4e5c-80fb-daf883fdb846,Economical Evaluation,Civil & Structural,"UTM vertex 09: X=715366, Y=4577238",2026-01-14 09:27:35.702008+00,"PROJECT H2 PLANT IN LA ZAIDA, ZARAGOZA (SPAIN)"
89590976-9af5-4666-87a4-5f0e1d3a4112,Economical Evaluation,General Requirements,Battery limit TP-001: 30 kV supply,2026-01-14 09:27:35.702008+00,"PROJECT H2 PLANT IN LA ZAIDA, ZARAGOZA (SPAIN)"
9649c745-7d9f-40d7-af7c-a4f7881deaf6,Economical Evaluation,HSE / Safety,Permitting: AAI & DIA in process,2026-01-14 09:27:35.702008+00,"PROJECT H2 PLANT IN LA ZAIDA, ZARAGOZA (SPAIN)"
97729041-e1c9-4aa1-ace2-a69a11f25e0d,Economical Evaluation,General Requirements,Battery limit TP-005: rainwater discharge,2026-01-14 09:27:35.702008+00,"PROJECT H2 PLANT IN LA ZAIDA, ZARAGOZA (SPAIN)"
9a04fade-b1d7-45b3-95d5-9c7cafbc4348,Economical Evaluation,Civil & Structural,"UTM vertex 06: X=715517, Y=4577188",2026-01-14 09:27:35.702008+00,"PROJECT H2 PLANT IN LA ZAIDA, ZARAGOZA (SPAIN)"
9aa0ad8d-f33a-4053-be98-a3cd874cd67d,Economical Evaluation,Process Engineering,Storage capacity: 4h @85% consumption,2026-01-14 09:27:35.702008+00,"PROJECT H2 PLANT IN LA ZAIDA, ZARAGOZA (SPAIN)"
9feb0cbf-5b5a-41ec-8cae-4e6da5815a6f,Economical Evaluation,Mechanical Engineering,Chem dosification: cooling circuit,2026-01-14 09:27:35.702008+00,"PROJECT H2 PLANT IN LA ZAIDA, ZARAGOZA (SPAIN)"
a0852c05-3c6f-4ba7-ab3e-04e90cab13a3,Economical Evaluation,General Requirements,Battery limit TP-004: H2 to Evonik,2026-01-14 09:27:35.702008+00,"PROJECT H2 PLANT IN LA ZAIDA, ZARAGOZA (SPAIN)"
a1380df8-0844-4a62-b51a-5494759e1761,Economical Evaluation,Mechanical Engineering,Instrument air particulates: <0.1 mg/m3,2026-01-14 09:27:35.702008+00,"PROJECT H2 PLANT IN LA ZAIDA, ZARAGOZA (SPAIN)"
a2a45167-c3a7-46c5-b828-ee6c5e19c794,Economical Evaluation,Mechanical Engineering,Electrolyzer cooling: air cooling,2026-01-14 09:27:35.702008+00,"PROJECT H2 PLANT IN LA ZAIDA, ZARAGOZA (SPAIN)"
a54d89b9-cb6c-4ca4-bf61-4ebbf9eb9061,Economical Evaluation,General Requirements,Potable water source: local network,2026-01-14 09:27:35.702008+00,"PROJECT H2 PLANT IN LA ZAIDA, ZARAGOZA (SPAIN)"
a77e228c-03d1-491b-9766-ebf4951ba920,Economical Evaluation,HSE / Safety,Noise limit: 55 dB(A) @plot border,2026-01-14 09:27:35.702008+00,"PROJECT H2 PLANT IN LA ZAIDA, ZARAGOZA (SPAIN)"
ad89755b-74d2-438e-b7a7-631c8ab07c30,Economical Evaluation,General Requirements,Battery limit TP-003: EDI rejection,2026-01-14 09:27:35.702008+00,"PROJECT H2 PLANT IN LA ZAIDA, ZARAGOZA (SPAIN)"
af708628-aa09-45ee-b83b-42342069bc70,Economical Evaluation,Mechanical Engineering,Service air dew point: 3°C,2026-01-14 09:27:35.702008+00,"PROJECT H2 PLANT IN LA ZAIDA, ZARAGOZA (SPAIN)"
b696392e-3116-458d-be81-4eb2d99a715e,Economical Evaluation,Civil & Structural,"UTM vertex 08: X=715367, Y=4577229",2026-01-14 09:27:35.702008+00,"PROJECT H2 PLANT IN LA ZAIDA, ZARAGOZA (SPAIN)"
b70f0819-4b45-4938-aed3-63d178802d05,Economical Evaluation,Civil & Structural,"UTM vertex 03: X=715542, Y=4577244",2026-01-14 09:27:35.702008+00,"PROJECT H2 PLANT IN LA ZAIDA, ZARAGOZA (SPAIN)"
be802b17-92e7-4c5c-8316-582c3d1afb21,Economical Evaluation,Project Management,CAPEX estimate: AACEI Class 2 (-10%/+10%),2026-01-14 09:27:35.702008+00,"PROJECT H2 PLANT IN LA ZAIDA, ZARAGOZA (SPAIN)"
c07019e5-c05d-47c6-9748-f5304eebbf81,Economical Evaluation,General Requirements,Battery limit TP-002: demin water,2026-01-14 09:27:35.702008+00,"PROJECT H2 PLANT IN LA ZAIDA, ZARAGOZA (SPAIN)"
c102250b-8f42-4b05-a808-18138e3ae7ec,Economical Evaluation,Mechanical Engineering,Water treatment: EDI system,2026-01-14 09:27:35.702008+00,"PROJECT H2 PLANT IN LA ZAIDA, ZARAGOZA (SPAIN)"
c3bc44c8-6ab8-486b-8cd7-2c0abbe2e4ab,Economical Evaluation,Mechanical Engineering,Instrument air dew point: -40°C,2026-01-14 09:27:35.702008+00,"PROJECT H2 PLANT IN LA ZAIDA, ZARAGOZA (SPAIN)"
c40f4202-bc70-42e5-8e44-00d4e0df34bd,Economical Evaluation,HSE / Safety,Fire detection: early warning,2026-01-14 09:27:35.702008+00,"PROJECT H2 PLANT IN LA ZAIDA, ZARAGOZA (SPAIN)"
c6909a79-c08f-4cd1-bb79-af85faa07f7b,Economical Evaluation,Process Engineering,H2 supply hours: 8500 h/year,2026-01-14 09:27:35.702008+00,"PROJECT H2 PLANT IN LA ZAIDA, ZARAGOZA (SPAIN)"
c727ccd4-c17c-4c33-b7c5-91a8e7706842,Economical Evaluation,Process Engineering,H2 production avg: 3400 Nm3/h,2026-01-14 09:27:35.702008+00,"PROJECT H2 PLANT IN LA ZAIDA, ZARAGOZA (SPAIN)"
ca120e8c-cab8-4e12-b0eb-2eac73b8bdd2,Economical Evaluation,Civil & Structural,"UTM vertex 02: X=715528, Y=4577243",2026-01-14 09:27:35.702008+00,"PROJECT H2 PLANT IN LA ZAIDA, ZARAGOZA (SPAIN)"
ccfa2e01-dae6-4d12-a85c-73e3f88b0b54,Economical Evaluation,Process Engineering,Demin water conductivity: 0.2 µS/cm,2026-01-14 09:27:35.702008+00,"PROJECT H2 PLANT IN LA ZAIDA, ZARAGOZA (SPAIN)"
cde29ed4-4a2e-45eb-88ad-3c3235fbedbc,Economical Evaluation,Process Engineering,H2 production annual: 3060 t/year @100%,2026-01-14 09:27:35.702008+00,"PROJECT H2 PLANT IN LA ZAIDA, ZARAGOZA (SPAIN)"
d199a063-2a0e-4e09-b751-8c2fe1a9f1e9,Economical Evaluation,Project Management,Pre-FEED deliverables: Annex II,2026-01-14 09:27:35.702008+00,"PROJECT H2 PLANT IN LA ZAIDA, ZARAGOZA (SPAIN)"
d35974c8-c005-47c8-864f-ccbf25142c55,Economical Evaluation,Instrumentation & Control,F&G system: independent control,2026-01-14 09:27:35.702008+00,"PROJECT H2 PLANT IN LA ZAIDA, ZARAGOZA (SPAIN)"
d7148f52-2b0f-46cb-b984-14f42b463fa3,Economical Evaluation,HSE / Safety,H2 supply: oil-free,2026-01-14 09:27:35.702008+00,"PROJECT H2 PLANT IN LA ZAIDA, ZARAGOZA (SPAIN)"
d7c8978c-1239-4dde-8365-2582a62052de,Economical Evaluation,Process Engineering,H2 purity min: 99.95% v/v,2026-01-14 09:27:35.702008+00,"PROJECT H2 PLANT IN LA ZAIDA, ZARAGOZA (SPAIN)"
d8caf566-51b8-48d8-bf96-51339242194d,Economical Evaluation,General Requirements,H2 compliance: RFNBO,2026-01-14 09:27:35.702008+00,"PROJECT H2 PLANT IN LA ZAIDA, ZARAGOZA (SPAIN)"
d9df32aa-8956-4875-bd44-69f02496af26,Economical Evaluation,Process Engineering,Storage pressure: 100 barg,2026-01-14 09:27:35.702008+00,"PROJECT H2 PLANT IN LA ZAIDA, ZARAGOZA (SPAIN)"
dde41c00-8b44-438c-a98d-dd77678acdb1,Economical Evaluation,Mechanical Engineering,Chem dosification: firefighting tank,2026-01-14 09:27:35.702008+00,"PROJECT H2 PLANT IN LA ZAIDA, ZARAGOZA (SPAIN)"
dff2a8ec-2934-4a06-920e-2b8f7a062fad,Economical Evaluation,Process Engineering,H2 supply pressure (design): 7 barg,2026-01-14 09:27:35.702008+00,"PROJECT H2 PLANT IN LA ZAIDA, ZARAGOZA (SPAIN)"
e631ff65-e99f-4879-8951-f43caf04a9ee,Economical Evaluation,Process Engineering,H2 production max: 4000 Nm3/h,2026-01-14 09:27:35.702008+00,"PROJECT H2 PLANT IN LA ZAIDA, ZARAGOZA (SPAIN)"
e9fa226d-a39e-44df-a81c-f8a3e6884285,Economical Evaluation,Electrical Engineering,Transformer station: MV/LV,2026-01-14 09:27:35.702008+00,"PROJECT H2 PLANT IN LA ZAIDA, ZARAGOZA (SPAIN)"
ebe40a91-12fa-47a7-bf3c-fca2adf958f9,Economical Evaluation,Mechanical Engineering,Instrument air: ISO 8573-1 class 1.2.0,2026-01-14 09:27:35.702008+00,"PROJECT H2 PLANT IN LA ZAIDA, ZARAGOZA (SPAIN)"
ecae3e16-2e4b-4c14-ae47-11312cad0268,Economical Evaluation,Civil & Structural,"UTM vertex 05: X=715520, Y=4577214",2026-01-14 09:27:35.702008+00,"PROJECT H2 PLANT IN LA ZAIDA, ZARAGOZA (SPAIN)"
f17f9a90-3379-4383-9175-b0f926c8f4b5,Economical Evaluation,Mechanical Engineering,Compressors: non-lubricated piston,2026-01-14 09:27:35.702008+00,"PROJECT H2 PLANT IN LA ZAIDA, ZARAGOZA (SPAIN)"
f28a6d3a-c2b3-4b4b-9159-9f7fd5d5e067,Economical Evaluation,HSE / Safety,O2 detection: F&G system,2026-01-14 09:27:35.702008+00,"PROJECT H2 PLANT IN LA ZAIDA, ZARAGOZA (SPAIN)"
f630f179-4b6a-4f21-8005-935112d7b89f,Economical Evaluation,General Requirements,Drainage: hydrocarbon separator,2026-01-14 09:27:35.702008+00,"PROJECT H2 PLANT IN LA ZAIDA, ZARAGOZA (SPAIN)"
f838a76b-a868-4010-87ed-fc9c8c6e2a32,Economical Evaluation,Mechanical Engineering,Purification cooling: chillers,2026-01-14 09:27:35.702008+00,"PROJECT H2 PLANT IN LA ZAIDA, ZARAGOZA (SPAIN)"
f9f4dd8f-55e8-44bb-b76e-bf711b26502f,Economical Evaluation,Mechanical Engineering,Nitrogen unit: PSA,2026-01-14 09:27:35.702008+00,"PROJECT H2 PLANT IN LA ZAIDA, ZARAGOZA (SPAIN)"
fa9bb62d-1998-4a5e-8ac5-f4d04df368d6,Economical Evaluation,Mechanical Engineering,Compressed air cooling: independent,2026-01-14 09:27:35.702008+00,"PROJECT H2 PLANT IN LA ZAIDA, ZARAGOZA (SPAIN)"
fb3cfd30-acf5-479b-8110-73dc0c1abcc0,Economical Evaluation,General Requirements,Battery limit TP-007: drinking water,2026-01-14 09:27:35.702008+00,"PROJECT H2 PLANT IN LA ZAIDA, ZARAGOZA (SPAIN)"
015a1feb-3312-4f2b-813d-a23bc709cab5,FEED Deliverables,Electrical Equipment (BOP),Electrical Equipment (BOP) technical & economical tabulations,2026-01-14 08:41:03.520229+00,"PROJECT H2 PLANT IN LA ZAIDA, ZARAGOZA (SPAIN)"
02bdec71-2fee-411f-9913-2b9e596b3c63,FEED Deliverables,Fire Fighting & Fire/Gas Detection & Extinguishing System,Firefighting and fire/gas detection and extinguishing system philosophy,2026-01-14 08:41:03.520229+00,"PROJECT H2 PLANT IN LA ZAIDA, ZARAGOZA (SPAIN)"
0351a10d-169f-45cf-b7f9-1a67383ca5a0,FEED Deliverables,HVAC,HVAC specification,2026-01-14 08:41:03.520229+00,"PROJECT H2 PLANT IN LA ZAIDA, ZARAGOZA (SPAIN)"
05663ae7-0647-4d17-85fd-14db5dcc8e31,FEED Deliverables,Equipment,Equipment and BackUp philosophy,2026-01-14 08:41:03.520229+00,"PROJECT H2 PLANT IN LA ZAIDA, ZARAGOZA (SPAIN)"
06779aab-5c50-4338-b689-f8fa974586f1,FEED Deliverables,Chemical,Effluent treatment plant design and specification,2026-01-14 08:41:03.520229+00,"PROJECT H2 PLANT IN LA ZAIDA, ZARAGOZA (SPAIN)"
0beefc56-f63d-4820-a95f-1a7cc32b4fe5,FEED Deliverables,"Electrical layout drawings (General arrangement, equipment zone arrangement, earthing layout, cable routing)","Electrical layout drawings (General arrangement, equipment zone arrangement, earthing layout, cable routing)",2026-01-14 08:41:03.520229+00,"PROJECT H2 PLANT IN LA ZAIDA, ZARAGOZA (SPAIN)"
0c1aa2fa-31e4-4df3-8f57-927e03ad2518,FEED Deliverables,Process Description,Process description,2026-01-14 08:41:03.520229+00,"PROJECT H2 PLANT IN LA ZAIDA, ZARAGOZA (SPAIN)"
0e14786e-ef02-491a-8541-867b005f1fc0,FEED Deliverables,Process Flow Diagram,Process flow diagram,2026-01-14 08:41:03.520229+00,"PROJECT H2 PLANT IN LA ZAIDA, ZARAGOZA (SPAIN)"
0ef7d178-9dce-409b-9f98-0aeb6622cb2e,FEED Deliverables,Electrical Engineering,Building drawings: Roof,2026-01-14 08:41:03.520229+00,"PROJECT H2 PLANT IN LA ZAIDA, ZARAGOZA (SPAIN)"
11fe1ade-97d6-4751-ba83-9da890380957,FEED Deliverables,Painting & Insulation,Painting and insulation MTO,2026-01-14 08:41:03.520229+00,"PROJECT H2 PLANT IN LA ZAIDA, ZARAGOZA (SPAIN)"
17fbbc14-4536-49f2-bd68-f3125b07f1be,FEED Deliverables,"Basic Electrical studies (load flow study, short-circuit study, MV&LV cable calculations, Q compensation study, harmonic study, lightning study, lighting study) Load flow, ICC","Basic Electrical studies (load flow study, short-circuit study, MV&LV cable calculations, Q compensation study, harmonic study, lightning study, lighting study) Load flow, ICC",2026-01-14 08:41:03.520229+00,"PROJECT H2 PLANT IN LA ZAIDA, ZARAGOZA (SPAIN)"
18a14db5-373d-40fc-ae18-22f8f167fd06,FEED Deliverables,Utilities,Utilities list,2026-01-14 08:41:03.520229+00,"PROJECT H2 PLANT IN LA ZAIDA, ZARAGOZA (SPAIN)"
1a9edd47-9341-43b1-84cb-b15a4287042c,FEED Deliverables,Electrical flowsheet drawings (Process systems),Electrical flowsheet drawings (Process systems),2026-01-14 08:41:03.520229+00,"PROJECT H2 PLANT IN LA ZAIDA, ZARAGOZA (SPAIN)"
1ab9b93f-ecab-474a-8a97-8e2993b999cf,FEED Deliverables,Piping,Piping design specification (including accesories),2026-01-14 08:41:03.520229+00,"PROJECT H2 PLANT IN LA ZAIDA, ZARAGOZA (SPAIN)"
1b6163ff-f072-42b1-8e33-8beee8bf89dc,FEED Deliverables,Vent/Flare Dispersion/Radiation Study,Vent/flare dispersion/radiation study,2026-01-14 08:41:03.520229+00,"PROJECT H2 PLANT IN LA ZAIDA, ZARAGOZA (SPAIN)"
23a13ddc-f432-45cd-9f93-8d8ef3625411,FEED Deliverables,Instruments Data Sheet,Instruments Data Sheet,2026-01-14 08:41:03.520229+00,"PROJECT H2 PLANT IN LA ZAIDA, ZARAGOZA (SPAIN)"
25b04a89-9728-4a90-ab77-3c4512f39841,FEED Deliverables,Operations and Maintenance,Operations and maintenance philosophy,2026-01-14 08:41:03.520229+00,"PROJECT H2 PLANT IN LA ZAIDA, ZARAGOZA (SPAIN)"
299b281a-b722-4203-ab31-6e572c38e0e2,FEED Deliverables,Cathodic Protection,Cathodic protection specification,2026-01-14 08:41:03.520229+00,"PROJECT H2 PLANT IN LA ZAIDA, ZARAGOZA (SPAIN)"
2a501996-453f-4f61-8038-9e7418f08769,FEED Deliverables,Fire Fighting Equipment & Escape Route,Fire fighting equipment and escape route drawing,2026-01-14 08:41:03.520229+00,"PROJECT H2 PLANT IN LA ZAIDA, ZARAGOZA (SPAIN)"
2d80d257-1c9d-4764-b531-aac627fece04,FEED Deliverables,Instrumentation main cable routing layouts,Instrumentation main cable routing layouts,2026-01-14 08:41:03.520229+00,"PROJECT H2 PLANT IN LA ZAIDA, ZARAGOZA (SPAIN)"
2dbac442-884f-4ded-ba8e-84983e45da9e,FEED Deliverables,Effluent drainage network drawing,Effluent drainage network drawing,2026-01-14 08:41:03.520229+00,"PROJECT H2 PLANT IN LA ZAIDA, ZARAGOZA (SPAIN)"
2e2f92e3-274c-45b8-921a-e71db15b4094,FEED Deliverables,Cooling System,Cooling system design and specification,2026-01-14 08:41:03.520229+00,"PROJECT H2 PLANT IN LA ZAIDA, ZARAGOZA (SPAIN)"
2ed7db98-32f5-4b8e-b1fe-56d7c471a69f,FEED Deliverables,Document management procedure and codification,Document management procedure and codification,2026-01-14 08:41:03.520229+00,"PROJECT H2 PLANT IN LA ZAIDA, ZARAGOZA (SPAIN)"
2f2d621f-2398-4a38-ba9b-56b9914a0a30,FEED Deliverables,Safety Distance Compliance,Safety distance compliance Plot Plan,2026-01-14 08:41:03.520229+00,"PROJECT H2 PLANT IN LA ZAIDA, ZARAGOZA (SPAIN)"
305de60b-4ab3-45f3-b969-5966081cfcd9,FEED Deliverables,Project Execution plan,Project Execution plan,2026-01-14 08:41:03.520229+00,"PROJECT H2 PLANT IN LA ZAIDA, ZARAGOZA (SPAIN)"
31b4a937-fb8d-4492-b5aa-00e5a3e6f21e,FEED Deliverables,Procurement,Mechanical Equipment (BOP) technical specifications,2026-01-14 08:41:03.520229+00,"PROJECT H2 PLANT IN LA ZAIDA, ZARAGOZA (SPAIN)"
31e95813-8dac-496f-b164-8dd531c70854,FEED Deliverables,Materials/Fluids,Materials/Fluids list,2026-01-14 08:41:03.520229+00,"PROJECT H2 PLANT IN LA ZAIDA, ZARAGOZA (SPAIN)"
32d51912-e994-4963-b611-4a8d52d9460f,FEED Deliverables,Equipment,ATEX areas definition (report and drawing),2026-01-14 08:41:03.520229+00,"PROJECT H2 PLANT IN LA ZAIDA, ZARAGOZA (SPAIN)"
388902f6-6fde-466b-982f-9089565c7d71,FEED Deliverables,HSE,HSE Philosophy,2026-01-14 08:41:03.520229+00,"PROJECT H2 PLANT IN LA ZAIDA, ZARAGOZA (SPAIN)"
3bbbbf69-a813-4c71-8bd7-bf9c8e5d454c,FEED Deliverables,Hazardous Substances list,Hazardous substances list,2026-01-14 08:41:03.520229+00,"PROJECT H2 PLANT IN LA ZAIDA, ZARAGOZA (SPAIN)"
3d2d814a-6b3a-489c-ae42-7f7e6ca1d816,FEED Deliverables,Control and Safety Architecture,Control and safety architecture,2026-01-14 08:41:03.520229+00,"PROJECT H2 PLANT IN LA ZAIDA, ZARAGOZA (SPAIN)"
42bb34e6-6670-44b1-9edf-84b8ba2d6ab8,FEED Deliverables,Feed Detailed Schedule Level 3,Feed Detailed Schedule Level 3,2026-01-14 08:41:03.520229+00,"PROJECT H2 PLANT IN LA ZAIDA, ZARAGOZA (SPAIN)"
42f20f5e-8c63-4bf3-88f7-a8b7790b9e5a,FEED Deliverables,Cause and effect matrix,Cause and effect matrix,2026-01-14 08:41:03.520229+00,"PROJECT H2 PLANT IN LA ZAIDA, ZARAGOZA (SPAIN)"
43837272-bb1f-410c-9118-190c2fc40722,FEED Deliverables,Safety Equipment & Fire Gas Detection,MTO safety equipment and fire and gas detectors,2026-01-14 08:41:03.520229+00,"PROJECT H2 PLANT IN LA ZAIDA, ZARAGOZA (SPAIN)"
448c0758-f49e-4366-8a28-8cdf1822cdba,FEED Deliverables,HAZOP Study,HAZOP study and report Workshop + closeout report,2026-01-14 08:41:03.520229+00,"PROJECT H2 PLANT IN LA ZAIDA, ZARAGOZA (SPAIN)"
453b472c-05fa-4172-98c7-ce8380bc430c,FEED Deliverables,Telecommunication system specification,Telecommunication system specification,2026-01-14 08:41:03.520229+00,"PROJECT H2 PLANT IN LA ZAIDA, ZARAGOZA (SPAIN)"
45ea7c8d-4073-4ea8-9c46-bd6029f623ff,FEED Deliverables,Instrumentation and Control Engineering,Control system specification,2026-01-14 08:41:03.520229+00,"PROJECT H2 PLANT IN LA ZAIDA, ZARAGOZA (SPAIN)"
47fbd502-cd11-4d51-9e93-5f72b33563c3,FEED Deliverables,Process Datasheet for equipment,Process Datasheet for equipment,2026-01-14 08:41:03.520229+00,"PROJECT H2 PLANT IN LA ZAIDA, ZARAGOZA (SPAIN)"
489c3e50-474a-4b6f-a7a2-2dae35a1f0fa,FEED Deliverables,Mechanical,Hydraulic calculations,2026-01-14 08:41:03.520229+00,"PROJECT H2 PLANT IN LA ZAIDA, ZARAGOZA (SPAIN)"
49cb56c5-9f21-4a40-b6e0-9234e4daa674,FEED Deliverables,Calculations,Calculations (in excel list or Thermoflex/Aspen Hysis),2026-01-14 08:41:03.520229+00,"PROJECT H2 PLANT IN LA ZAIDA, ZARAGOZA (SPAIN)"
4a0b817f-712d-459e-8530-0327aec086a2,FEED Deliverables,Compressed Air,Compressed air design and specification,2026-01-14 08:41:03.520229+00,"PROJECT H2 PLANT IN LA ZAIDA, ZARAGOZA (SPAIN)"
4a86fe39-fa2a-41c9-8810-97534ee03b99,FEED Deliverables,Tie-ins,Tie-ins List (process & utilities),2026-01-14 08:41:03.520229+00,"PROJECT H2 PLANT IN LA ZAIDA, ZARAGOZA (SPAIN)"
4a92d092-4153-4773-b147-d2cdab632323,FEED Deliverables,Water Polishing System,Water polishing system design and specification,2026-01-14 08:41:03.520229+00,"PROJECT H2 PLANT IN LA ZAIDA, ZARAGOZA (SPAIN)"
4b6384c4-702f-451b-aa09-b6e4b504bd90,FEED Deliverables,Fire & Gas,Fire and gas detection layout drawings,2026-01-14 08:41:03.520229+00,"PROJECT H2 PLANT IN LA ZAIDA, ZARAGOZA (SPAIN)"
4f23cbee-33b4-48db-928b-292cc20ca90b,FEED Deliverables,Buildings MTO,"For each building (Electrolyzers, Compression and purification, Access control, Control room/electrical room/offices (including locker rooms, restrooms and common services), Workshop/warehouse/Hazardous waste warehouse, Water treatment plant, Fire protection, )",2026-01-14 08:41:03.520229+00,"PROJECT H2 PLANT IN LA ZAIDA, ZARAGOZA (SPAIN)"
5a11994c-aa5d-419c-9766-5e53e54c691c,FEED Deliverables,Tanks,Tanks calculations,2026-01-14 08:41:03.520229+00,"PROJECT H2 PLANT IN LA ZAIDA, ZARAGOZA (SPAIN)"
5a9e5919-0fb2-4f05-8f84-82e99f1d22ea,FEED Deliverables,Electrical Engineering,Building drawings: Foundations,2026-01-14 08:41:03.520229+00,"PROJECT H2 PLANT IN LA ZAIDA, ZARAGOZA (SPAIN)"
5c05734b-ef08-427a-a1ed-99a24f98a045,FEED Deliverables,Auxiliary equipment foundations MTO,Auxiliary equipment foundations MTO,2026-01-14 08:41:03.520229+00,"PROJECT H2 PLANT IN LA ZAIDA, ZARAGOZA (SPAIN)"
5f761723-d9e7-4c09-a6c4-5084c9e4d334,FEED Deliverables,Procurement,Electrical Equipment (BOP) technical specifications,2026-01-14 08:41:03.520229+00,"PROJECT H2 PLANT IN LA ZAIDA, ZARAGOZA (SPAIN)"
6070a879-963b-413b-a5b3-361e56151c5b,FEED Deliverables,Mechanical Engineering,Plant overall layout,2026-01-14 08:41:03.520229+00,"PROJECT H2 PLANT IN LA ZAIDA, ZARAGOZA (SPAIN)"
61f3f087-aebc-4c15-8f38-45d6d0559367,FEED Deliverables,Instrumentation,Field instrumentation specification,2026-01-14 08:41:03.520229+00,"PROJECT H2 PLANT IN LA ZAIDA, ZARAGOZA (SPAIN)"
6469f910-54b3-4e33-9003-8cac52b2c5f2,FEED Deliverables,Corrosion Control & Material Selection,Corrosion control and Material selection specification,2026-01-14 08:41:03.520229+00,"PROJECT H2 PLANT IN LA ZAIDA, ZARAGOZA (SPAIN)"
667c49d2-a5b1-49db-ad4f-2dd501ddbd64,FEED Deliverables,3D Model Design,3D model design specification,2026-01-14 08:41:03.520229+00,"PROJECT H2 PLANT IN LA ZAIDA, ZARAGOZA (SPAIN)"
66d0a1f0-60ee-4a57-ab44-b3fb81406d6f,FEED Deliverables,CAPEX estimate,CAPEX estimate Class 2 AACEI (-10% +10%),2026-01-14 08:41:03.520229+00,"PROJECT H2 PLANT IN LA ZAIDA, ZARAGOZA (SPAIN)"
66e4cc6a-acc7-42f0-9ae8-7359c58f9d70,FEED Deliverables,Venting Philosophy,Venting philosophy,2026-01-14 08:41:03.520229+00,"PROJECT H2 PLANT IN LA ZAIDA, ZARAGOZA (SPAIN)"
6986e307-1b68-45ae-8fe6-bfd65ad8eed2,FEED Deliverables,"Tanks, Pipe racks, Effluent treatment, Cooling system, Walls…","Tanks, Pipe racks, Effluent treatment, Cooling system, Walls…",2026-01-14 08:41:03.520229+00,"PROJECT H2 PLANT IN LA ZAIDA, ZARAGOZA (SPAIN)"
6ab70f13-df7e-45d9-bfd7-7106d45c4105,FEED Deliverables,Mechanical Engineering,Plant areas layout Equipment layout,2026-01-14 08:41:03.520229+00,"PROJECT H2 PLANT IN LA ZAIDA, ZARAGOZA (SPAIN)"
6b53d572-bae2-4faa-b73d-bf6043cad5c8,FEED Deliverables,"Electrical lists (equipments, cables, consumer list and load balance)","Electrical lists (equipments, cables, consumer list and load balance)",2026-01-14 08:41:03.520229+00,"PROJECT H2 PLANT IN LA ZAIDA, ZARAGOZA (SPAIN)"
6b97766a-9466-4213-9859-f2e7943162c5,FEED Deliverables,Basis of design,Basis of design,2026-01-14 08:41:03.520229+00,"PROJECT H2 PLANT IN LA ZAIDA, ZARAGOZA (SPAIN)"
6ba60a36-714a-4223-8542-b15aa6afcb37,FEED Deliverables,Fire Water Demand,Fire water demand calculation report,2026-01-14 08:41:03.520229+00,"PROJECT H2 PLANT IN LA ZAIDA, ZARAGOZA (SPAIN)"
6cc4c59b-12a0-411c-8300-ef4cbc1527b5,FEED Deliverables,"Philosophy of redundant feeder criteria (BOP redundant feeder, essential busbar)","Philosophy of redundant feeder criteria (BOP redundant feeder, essential busbar)",2026-01-14 08:41:03.520229+00,"PROJECT H2 PLANT IN LA ZAIDA, ZARAGOZA (SPAIN)"
6ce689ca-58ab-4418-969f-f0c0d61f0f21,FEED Deliverables,Noise Study,Noise study report,2026-01-14 08:41:03.520229+00,"PROJECT H2 PLANT IN LA ZAIDA, ZARAGOZA (SPAIN)"
6d3a7147-cd73-4df9-8ea1-f756820170d2,FEED Deliverables,Earthing system drawing,Earthing system drawing,2026-01-14 08:41:03.520229+00,"PROJECT H2 PLANT IN LA ZAIDA, ZARAGOZA (SPAIN)"
6e953c05-411e-4526-944a-84df24142617,FEED Deliverables,Line List,Line List,2026-01-14 08:41:03.520229+00,"PROJECT H2 PLANT IN LA ZAIDA, ZARAGOZA (SPAIN)"
706bdcee-7fa4-4b3c-8656-d88d60b3f881,FEED Deliverables,P&ID,"Piping and instrumentation diagrams (P&ID), including control loops.",2026-01-14 08:41:03.520229+00,"PROJECT H2 PLANT IN LA ZAIDA, ZARAGOZA (SPAIN)"
755cc678-3d0b-4122-8bfd-60df67f1ca8d,FEED Deliverables,Emissions and effluent list,Emissions and effluent list,2026-01-14 08:41:03.520229+00,"PROJECT H2 PLANT IN LA ZAIDA, ZARAGOZA (SPAIN)"
78379793-cf5a-4849-9eeb-4d54bdd5d1f9,FEED Deliverables,Fire & Gas,Fire and gas extinguishing layout drawings,2026-01-14 08:41:03.520229+00,"PROJECT H2 PLANT IN LA ZAIDA, ZARAGOZA (SPAIN)"
7a9e855f-03cd-44d6-b575-d99b8725d326,FEED Deliverables,Electrical Engineering,Earthworks drawing,2026-01-14 08:41:03.520229+00,"PROJECT H2 PLANT IN LA ZAIDA, ZARAGOZA (SPAIN)"
7d7ed515-dd09-4184-a5d5-c175285f63fe,FEED Deliverables,Insulation,Insulation specification,2026-01-14 08:41:03.520229+00,"PROJECT H2 PLANT IN LA ZAIDA, ZARAGOZA (SPAIN)"
83cc79fd-be5c-4059-a31d-d354ad7b3c35,FEED Deliverables,Documentation list,Documentation list,2026-01-14 08:41:03.520229+00,"PROJECT H2 PLANT IN LA ZAIDA, ZARAGOZA (SPAIN)"
87ad34a2-4cc1-4a91-a2b9-131e8f2c1f22,FEED Deliverables,Rotating Equipment,Rotating equipment design basis,2026-01-14 08:41:03.520229+00,"PROJECT H2 PLANT IN LA ZAIDA, ZARAGOZA (SPAIN)"
8b9d2d5d-591f-4242-b609-4cfd5b18745f,FEED Deliverables,Cathodic Protection,Cathodic protection MTO,2026-01-14 08:41:03.520229+00,"PROJECT H2 PLANT IN LA ZAIDA, ZARAGOZA (SPAIN)"
8cfa5c43-53e4-430d-9091-d9243f4e8581,FEED Deliverables,Process Design Philosophy,Process design philosophy,2026-01-14 08:41:03.520229+00,"PROJECT H2 PLANT IN LA ZAIDA, ZARAGOZA (SPAIN)"
8d1a97bb-1311-4665-916a-97ea467c9d58,FEED Deliverables,HVAC,HVAC design basis,2026-01-14 08:41:03.520229+00,"PROJECT H2 PLANT IN LA ZAIDA, ZARAGOZA (SPAIN)"
8e16c8dd-bc36-48f5-ab0a-07e4389dcb03,FEED Deliverables,Electrical Engineering,General layout drawing,2026-01-14 08:41:03.520229+00,"PROJECT H2 PLANT IN LA ZAIDA, ZARAGOZA (SPAIN)"
91be0be5-4fb0-4c3b-9b86-66e2fe3a3949,FEED Deliverables,Electrical Engineering,Building drawings: Architectural finished,2026-01-14 08:41:03.520229+00,"PROJECT H2 PLANT IN LA ZAIDA, ZARAGOZA (SPAIN)"
9228d03e-9371-48d6-b335-bee073d72f0f,FEED Deliverables,"Design & specification basics MV-LV main equipments (Switchgears, motor control centers, panels, VFDs, capacitor banks, relay protections, communications, ATEX electrical equipment, Automatic transfer systems, RIC Generators, UPSs, Rectificators, Batteries)","Design & specification basics MV-LV main equipments (Switchgears, motor control centers, panels, VFDs, capacitor banks, relay protections, communications, ATEX electrical equipment, Automatic transfer systems, RIC Generators, UPSs, Rectificators, Batteries)",2026-01-14 08:41:03.520229+00,"PROJECT H2 PLANT IN LA ZAIDA, ZARAGOZA (SPAIN)"
926162bf-371a-4aba-99d3-9bceb46a7b59,FEED Deliverables,Utility,Utility flow diagrams,2026-01-14 08:41:03.520229+00,"PROJECT H2 PLANT IN LA ZAIDA, ZARAGOZA (SPAIN)"
9374c3c7-0ada-4610-b1dc-b66656f26d1e,FEED Deliverables,Site preparation MTO,Site preparation MTO,2026-01-14 08:41:03.520229+00,"PROJECT H2 PLANT IN LA ZAIDA, ZARAGOZA (SPAIN)"
94af7b9e-8209-4c60-acb6-f54fe84042ae,FEED Deliverables,Material Selection,Material selection diagrams,2026-01-14 08:41:03.520229+00,"PROJECT H2 PLANT IN LA ZAIDA, ZARAGOZA (SPAIN)"
9b1e6bf1-c9c3-4ba9-8d35-36c795ad825a,FEED Deliverables,Quality Assurance plan,Quality Assurance plan,2026-01-14 08:41:03.520229+00,"PROJECT H2 PLANT IN LA ZAIDA, ZARAGOZA (SPAIN)"
9bb7171f-63bc-4d7f-8e86-e46bf02684be,FEED Deliverables,Electrical Engineering,Building drawings: Structure (Steel/Reinforced concrete),2026-01-14 08:41:03.520229+00,"PROJECT H2 PLANT IN LA ZAIDA, ZARAGOZA (SPAIN)"
9c0fbe99-0472-4351-9cbb-5ab0ed797055,FEED Deliverables,Electrical Design (MV&LV systems),Electrical Design (MV&LV systems),2026-01-14 08:41:03.520229+00,"PROJECT H2 PLANT IN LA ZAIDA, ZARAGOZA (SPAIN)"
a69fb8ff-ed13-4dbb-95b5-0e1f293966c9,FEED Deliverables,Procurement,Mechanical Equipment (BOP) technical & economical tabulations,2026-01-14 08:41:03.520229+00,"PROJECT H2 PLANT IN LA ZAIDA, ZARAGOZA (SPAIN)"
a71898bc-2cf3-42f0-be3f-b17ddf9013a6,FEED Deliverables,Effluent drainage system calculation,Effluent drainage system calculation,2026-01-14 08:41:03.520229+00,"PROJECT H2 PLANT IN LA ZAIDA, ZARAGOZA (SPAIN)"
a866760b-da76-44d9-999c-f4b9b58f14d5,FEED Deliverables,Chemical,Chemical dosification design and specification,2026-01-14 08:41:03.520229+00,"PROJECT H2 PLANT IN LA ZAIDA, ZARAGOZA (SPAIN)"
a8c1425f-27b1-41d5-ab42-48390a41275a,FEED Deliverables,Electrical Engineering,"All buildings (Electrolyzers, Compression and purification, Access control, Control room/electrical room/offices (including locker rooms, restrooms and common services), Workshop/warehouse/Hazardous waste warehouse, Water treatment plant, Fire protection, )",2026-01-14 08:41:03.520229+00,"PROJECT H2 PLANT IN LA ZAIDA, ZARAGOZA (SPAIN)"
a9c60c0c-7200-4db3-b75e-e0a2db5e2ccc,FEED Deliverables,SIL/LOPA Analysis,SIL/LOPA analysis Workshop + closeout report,2026-01-14 08:41:03.520229+00,"PROJECT H2 PLANT IN LA ZAIDA, ZARAGOZA (SPAIN)"
ac9f8cf9-5c21-44b6-8f11-c98451f42390,FEED Deliverables,Project Overall Schedule Level 2,Project Overall Schedule Level 2,2026-01-14 08:41:03.520229+00,"PROJECT H2 PLANT IN LA ZAIDA, ZARAGOZA (SPAIN)"
b08a15f2-6952-4c6f-b25d-26358df3b7bf,FEED Deliverables,Calculation of rainwater collection system,Calculation of rainwater collection system,2026-01-14 08:41:03.520229+00,"PROJECT H2 PLANT IN LA ZAIDA, ZARAGOZA (SPAIN)"
b8a64000-befe-41f9-acab-44d5b8b8d498,FEED Deliverables,Design and specifications of civil works,Design and specifications of civil works,2026-01-14 08:41:03.520229+00,"PROJECT H2 PLANT IN LA ZAIDA, ZARAGOZA (SPAIN)"
bb0f920e-0161-425d-badc-c20d2520756b,FEED Deliverables,Piping,Piping class dossier,2026-01-14 08:41:03.520229+00,"PROJECT H2 PLANT IN LA ZAIDA, ZARAGOZA (SPAIN)"
bb5d58cc-011a-4acc-9493-c504d7dc2a8f,FEED Deliverables,Drainage Network & Underground System MTO,Drainage Network & Underground System MTO,2026-01-14 08:41:03.520229+00,"PROJECT H2 PLANT IN LA ZAIDA, ZARAGOZA (SPAIN)"
bced45e1-4316-4ea8-864d-27b2b73bd446,FEED Deliverables,"Electrical diagram drawings (HV-MV-LV Overall, MV-LV One-line, main equipments)","Electrical diagram drawings (HV-MV-LV Overall, MV-LV One-line, main equipments)",2026-01-14 08:41:03.520229+00,"PROJECT H2 PLANT IN LA ZAIDA, ZARAGOZA (SPAIN)"
bd777271-121c-4cc3-bc60-3b81b2aed869,FEED Deliverables,Piping,Piping,2026-01-14 08:41:03.520229+00,"PROJECT H2 PLANT IN LA ZAIDA, ZARAGOZA (SPAIN)"
c4ec7432-16fb-4af5-ad9a-f5f706a82933,FEED Deliverables,Hazardous Equipment Schedule,Hazardous equipment schedule,2026-01-14 08:41:03.520229+00,"PROJECT H2 PLANT IN LA ZAIDA, ZARAGOZA (SPAIN)"
c6e273ef-65bd-41ad-9ce9-8dddc8f0f008,FEED Deliverables,Instrumentation Index,Instrumentation index,2026-01-14 08:41:03.520229+00,"PROJECT H2 PLANT IN LA ZAIDA, ZARAGOZA (SPAIN)"
c7f602fd-04bb-4e7c-8ace-9662d749781d,FEED Deliverables,Sized Equipment List,Sized equipment list,2026-01-14 08:41:03.520229+00,"PROJECT H2 PLANT IN LA ZAIDA, ZARAGOZA (SPAIN)"
cef51f90-da70-4d0d-b30e-f99850157d9d,FEED Deliverables,Piping,Piping layout Equipment layout,2026-01-14 08:41:03.520229+00,"PROJECT H2 PLANT IN LA ZAIDA, ZARAGOZA (SPAIN)"
d212c022-76a9-4e27-8de4-7c93aed3cd52,FEED Deliverables,Control room GA drawing,Control room GA drawing,2026-01-14 08:41:03.520229+00,"PROJECT H2 PLANT IN LA ZAIDA, ZARAGOZA (SPAIN)"
d30ac2a6-3a36-4326-b2b5-ba3aaa5c865a,FEED Deliverables,Vents and flare network sizing report,Vents and flare network sizing report,2026-01-14 08:41:03.520229+00,"PROJECT H2 PLANT IN LA ZAIDA, ZARAGOZA (SPAIN)"
d36047a5-cbbe-44f9-8d80-3952789c268d,FEED Deliverables,Codes and Standards,Codes and Standards,2026-01-14 08:41:03.520229+00,"PROJECT H2 PLANT IN LA ZAIDA, ZARAGOZA (SPAIN)"
d7b08455-a2e5-4973-8382-60121241ef0e,FEED Deliverables,Mass and Energy balance,Mass and Energy balance,2026-01-14 08:41:03.520229+00,"PROJECT H2 PLANT IN LA ZAIDA, ZARAGOZA (SPAIN)"
d88c678a-cbb5-447b-ba8d-d4bdcacd93a8,FEED Deliverables,Painting,Painting specification,2026-01-14 08:41:03.520229+00,"PROJECT H2 PLANT IN LA ZAIDA, ZARAGOZA (SPAIN)"
dbe5d8d0-8488-445d-bd70-c46ef9ed5f0d,FEED Deliverables,Relief load summary,Relief load summary,2026-01-14 08:41:03.520229+00,"PROJECT H2 PLANT IN LA ZAIDA, ZARAGOZA (SPAIN)"
dce65de2-ca4a-4691-88e8-5ef400e66674,FEED Deliverables,Piping,Piping MTO Including supports,2026-01-14 08:41:03.520229+00,"PROJECT H2 PLANT IN LA ZAIDA, ZARAGOZA (SPAIN)"
df3db13a-d2c6-4d2e-bd6e-3b23b8b9296c,FEED Deliverables,Planning,"Electrical typical drawings (Trench, tray, illumination, earthing)",2026-01-14 08:41:03.520229+00,"PROJECT H2 PLANT IN LA ZAIDA, ZARAGOZA (SPAIN)"
e1015e9a-e7eb-4980-941e-61fc3456c9af,FEED Deliverables,Battery limit list,Battery limit list,2026-01-14 08:41:03.520229+00,"PROJECT H2 PLANT IN LA ZAIDA, ZARAGOZA (SPAIN)"
e330eb38-5f03-460c-b332-78135b132f24,FEED Deliverables,Operating and Maintenance estimate cost,Operating and Maintenance estimate cost,2026-01-14 08:41:03.520229+00,"PROJECT H2 PLANT IN LA ZAIDA, ZARAGOZA (SPAIN)"
e5a2fcd6-04ce-4385-8dcd-1ad164ad38a3,FEED Deliverables,Electrical Engineering,"Building drawings: Plan, elevations and sections",2026-01-14 08:41:03.520229+00,"PROJECT H2 PLANT IN LA ZAIDA, ZARAGOZA (SPAIN)"
ec31335f-5878-40bf-9d97-576265f120ed,FEED Deliverables,Static Equipment,Static equipment design basis,2026-01-14 08:41:03.520229+00,"PROJECT H2 PLANT IN LA ZAIDA, ZARAGOZA (SPAIN)"
ec435589-778a-48e9-8c83-5cae95e8cd95,FEED Deliverables,FEED deliverable List,"FEED deliverable List H2 Plant in La Zaida, Zaragoza (Spain)",2026-01-14 08:41:03.520229+00,"PROJECT H2 PLANT IN LA ZAIDA, ZARAGOZA (SPAIN)"
ed2b1a65-82d8-4254-a95f-c2d13efe416a,FEED Deliverables,Equipment Noise,Equipment noise specification,2026-01-14 08:41:03.520229+00,"PROJECT H2 PLANT IN LA ZAIDA, ZARAGOZA (SPAIN)"
f0b60bdc-c3b2-4dee-8464-fd096912dfaf,FEED Deliverables,Earthing system MTO,Earthing system MTO,2026-01-14 08:41:03.520229+00,"PROJECT H2 PLANT IN LA ZAIDA, ZARAGOZA (SPAIN)"
f519c1d1-0c8f-4e32-ba87-6ba3ce480025,FEED Deliverables,Electrical Engineering,Building drawings: Construction details,2026-01-14 08:41:03.520229+00,"PROJECT H2 PLANT IN LA ZAIDA, ZARAGOZA (SPAIN)"
f7326348-261d-4986-bf7e-dfa2194ecfe0,FEED Deliverables,Hazardous area classification drawing,Hazardous area classification drawing,2026-01-14 08:41:03.520229+00,"PROJECT H2 PLANT IN LA ZAIDA, ZARAGOZA (SPAIN)"
f7445c75-9cc3-4f70-afad-72abffdb52c4,FEED Deliverables,Auxiliary equipment structures MTO,Auxiliary equipment structures MTO,2026-01-14 08:41:03.520229+00,"PROJECT H2 PLANT IN LA ZAIDA, ZARAGOZA (SPAIN)"
f7472ecf-fb9f-49dc-b243-671b8b18c4c1,FEED Deliverables,Welding & Heat Treatment,Welding and heat treatment specification,2026-01-14 08:41:03.520229+00,"PROJECT H2 PLANT IN LA ZAIDA, ZARAGOZA (SPAIN)"
f76bb30f-0ee9-4131-ba29-60eb945ce42a,FEED Deliverables,Mechanical,Mechanical design basis,2026-01-14 08:41:03.520229+00,"PROJECT H2 PLANT IN LA ZAIDA, ZARAGOZA (SPAIN)"
f85f79a8-8450-4cf6-8240-74ba14a3adc8,FEED Deliverables,I/O List,I/O List,2026-01-14 08:41:03.520229+00,"PROJECT H2 PLANT IN LA ZAIDA, ZARAGOZA (SPAIN)"
fa0b418f-1a78-4689-9088-355854c81c18,FEED Deliverables,"Roads, fencing and grading MTO","Roads, fencing and grading MTO",2026-01-14 08:41:03.520229+00,"PROJECT H2 PLANT IN LA ZAIDA, ZARAGOZA (SPAIN)"
fb7cf1ff-9f9f-464d-b9cc-85f011b2cd78,FEED Deliverables,Duty specification for packages,Duty specification for packages,2026-01-14 08:41:03.520229+00,"PROJECT H2 PLANT IN LA ZAIDA, ZARAGOZA (SPAIN)"
fce17cea-5596-4a92-af13-97540cafe7b0,FEED Deliverables,"Roads, fencing and grading works (urbanization) drawings","Roads, fencing and grading works (urbanization) drawings",2026-01-14 08:41:03.520229+00,"PROJECT H2 PLANT IN LA ZAIDA, ZARAGOZA (SPAIN)"
fe5444ef-fa6f-4e4f-9c0f-aeabd0ee0afa,FEED Deliverables,I&C Equipment (BOP),I&C Equipment (BOP) technical specifications,2026-01-14 08:41:03.520229+00,"PROJECT H2 PLANT IN LA ZAIDA, ZARAGOZA (SPAIN)"
03ecf31c-9632-4099-848e-f855ea3563b1,Pre-FEED Deliverables,Equipment and BackUp,Equipment and BackUp philosophy,2026-01-14 08:28:00.670013+00,"PROJECT H2 PLANT IN LA ZAIDA, ZARAGOZA (SPAIN)"
055cd340-3ea1-47f2-aeab-557bb78055df,Pre-FEED Deliverables,Electrical,Electrical room layout with implementation and distribution of equipment,2026-01-14 08:28:00.670013+00,"PROJECT H2 PLANT IN LA ZAIDA, ZARAGOZA (SPAIN)"
08d7b3a3-f7b9-403a-a3c1-d07916b5185a,Pre-FEED Deliverables,Instrumentation and control,Control system and safeguarding philosophy,2026-01-14 08:28:00.670013+00,"PROJECT H2 PLANT IN LA ZAIDA, ZARAGOZA (SPAIN)"
091e32e1-b69f-45c2-858d-b171225e3746,Pre-FEED Deliverables,Interconnecting pipe rack,Interconnecting pipe rack guide drawing,2026-01-14 08:28:00.670013+00,"PROJECT H2 PLANT IN LA ZAIDA, ZARAGOZA (SPAIN)"
0e6e4397-903c-4526-a521-8be04c5ef81e,Pre-FEED Deliverables,Electrical,Electrical Design Basis,2026-01-14 08:28:00.670013+00,"PROJECT H2 PLANT IN LA ZAIDA, ZARAGOZA (SPAIN)"
155a88d8-4cf0-4f26-90c7-b0454f67f338,Pre-FEED Deliverables,Geotechnical survey,Sin Nombre,2026-01-14 08:28:00.670013+00,"PROJECT H2 PLANT IN LA ZAIDA, ZARAGOZA (SPAIN)"
15f48043-8295-48ca-aa03-e488f54d3098,Pre-FEED Deliverables,Process,Process design and operation philosophy,2026-01-14 08:28:00.670013+00,"PROJECT H2 PLANT IN LA ZAIDA, ZARAGOZA (SPAIN)"
1e3acc86-0e4c-4a46-b524-aaa2f7e1904c,Pre-FEED Deliverables,Utilities,Utilities list,2026-01-14 08:28:00.670013+00,"PROJECT H2 PLANT IN LA ZAIDA, ZARAGOZA (SPAIN)"
1fea1b70-223d-4bf6-81ff-2012af053638,Pre-FEED Deliverables,Underground,Underground guide drawing,2026-01-14 08:28:00.670013+00,"PROJECT H2 PLANT IN LA ZAIDA, ZARAGOZA (SPAIN)"
29a0d25e-e98b-4801-9aa4-22a777b2b3dd,Pre-FEED Deliverables,Risk,Major Risk List,2026-01-14 08:28:00.670013+00,"PROJECT H2 PLANT IN LA ZAIDA, ZARAGOZA (SPAIN)"
2a5937e1-81a7-4f26-8e86-577ec429deb0,Pre-FEED Deliverables,Topography,Sin Nombre,2026-01-14 08:28:00.670013+00,"PROJECT H2 PLANT IN LA ZAIDA, ZARAGOZA (SPAIN)"
2c576888-8888-4534-907c-5f424fd84a06,Pre-FEED Deliverables,Process,Material selection diagrams,2026-01-14 08:28:00.670013+00,"PROJECT H2 PLANT IN LA ZAIDA, ZARAGOZA (SPAIN)"
31dbfa56-e622-4bdf-afbb-5b26bda87d00,Pre-FEED Deliverables,Line list,"Line list of main equipment (hydrogen production and purifying unit, compression and storage, raw and demin water, cooling, main pumps)",2026-01-14 08:28:00.670013+00,"PROJECT H2 PLANT IN LA ZAIDA, ZARAGOZA (SPAIN)"
32a52b10-7b56-4f19-9288-1a13a40e3047,Pre-FEED Deliverables,Electrical,"Electrical drawings (Single line diagram, general arrangement)",2026-01-14 08:28:00.670013+00,"PROJECT H2 PLANT IN LA ZAIDA, ZARAGOZA (SPAIN)"
3564d432-6fa9-48b5-b38f-daf0ce0572f1,Pre-FEED Deliverables,Emissions and effluent,Emissions and effluent list,2026-01-14 08:28:00.670013+00,"PROJECT H2 PLANT IN LA ZAIDA, ZARAGOZA (SPAIN)"
38f6b593-f10f-4df8-9191-01b4f073beb3,Pre-FEED Deliverables,Process,Process flow diagrams,2026-01-14 08:28:00.670013+00,"PROJECT H2 PLANT IN LA ZAIDA, ZARAGOZA (SPAIN)"
3da692d4-5016-4d81-a0f1-30b87726af2b,Pre-FEED Deliverables,Utility Flow Diagrams,Sin Nombre,2026-01-14 08:28:00.670013+00,"PROJECT H2 PLANT IN LA ZAIDA, ZARAGOZA (SPAIN)"
3e252828-a7d2-4c9e-bf0f-8d7c73967700,Pre-FEED Deliverables,Block diagrams,Sin Nombre,2026-01-14 08:28:00.670013+00,"PROJECT H2 PLANT IN LA ZAIDA, ZARAGOZA (SPAIN)"
40b4dfc8-22a3-4905-9b61-803b4a65e825,Pre-FEED Deliverables,Civil,Civil and structural design philosophy,2026-01-14 08:28:00.670013+00,"PROJECT H2 PLANT IN LA ZAIDA, ZARAGOZA (SPAIN)"
48239a63-0cf6-4094-9966-58ce738710a8,Pre-FEED Deliverables,Hydrology survey,Sin Nombre,2026-01-14 08:28:00.670013+00,"PROJECT H2 PLANT IN LA ZAIDA, ZARAGOZA (SPAIN)"
4ee807c3-91d3-44fc-ba5e-e6d65a45989d,Pre-FEED Deliverables,Documentation,Documentation list,2026-01-14 08:28:00.670013+00,"PROJECT H2 PLANT IN LA ZAIDA, ZARAGOZA (SPAIN)"
541fd0f0-c5ee-49dd-8a24-d485cdaec25d,Pre-FEED Deliverables,Project Execution plan,Sin Nombre,2026-01-14 08:28:00.670013+00,"PROJECT H2 PLANT IN LA ZAIDA, ZARAGOZA (SPAIN)"
5586d1ac-45ea-4c9a-8d43-919a06cef095,Pre-FEED Deliverables,Tanks,Tanks calculations,2026-01-14 08:28:00.670013+00,"PROJECT H2 PLANT IN LA ZAIDA, ZARAGOZA (SPAIN)"
55ac7d6d-ce99-4b9e-a61a-b5c9fedf68c4,Pre-FEED Deliverables,Foundation,"Foundation guide drawings for main equipment, buildings and pipe rack",2026-01-14 08:28:00.670013+00,"PROJECT H2 PLANT IN LA ZAIDA, ZARAGOZA (SPAIN)"
638a6972-abed-440c-856d-3cabb6af4950,Pre-FEED Deliverables,Buildings,General description of buildings,2026-01-14 08:28:00.670013+00,"PROJECT H2 PLANT IN LA ZAIDA, ZARAGOZA (SPAIN)"
684b3bea-971c-4b17-ad0c-ae7ed51e2b7b,Pre-FEED Deliverables,Data sheets,"Data sheets of main equipment (hydrogen production and purifying unit, compression and storage, cooling, main pumps)",2026-01-14 08:28:00.670013+00,"PROJECT H2 PLANT IN LA ZAIDA, ZARAGOZA (SPAIN)"
6d16f961-c8b8-4a60-9383-dd3a932f7165,Pre-FEED Deliverables,Preliminary ATEX,Preliminary ATEX Area Classification (report and drawing),2026-01-14 08:28:00.670013+00,"PROJECT H2 PLANT IN LA ZAIDA, ZARAGOZA (SPAIN)"
71927a8a-1196-46c6-a998-fff7014dc40f,Pre-FEED Deliverables,P&IDs,P&IDs for main equipment (including main control loops),2026-01-14 08:28:00.670013+00,"PROJECT H2 PLANT IN LA ZAIDA, ZARAGOZA (SPAIN)"
776b026c-60f1-4625-9612-b8af10b45922,Pre-FEED Deliverables,Process,Process description,2026-01-14 08:28:00.670013+00,"PROJECT H2 PLANT IN LA ZAIDA, ZARAGOZA (SPAIN)"
7aa13e23-0348-4908-99cf-de04a72a19ab,Pre-FEED Deliverables,General,Plant areas layout,2026-01-14 08:28:00.670013+00,"PROJECT H2 PLANT IN LA ZAIDA, ZARAGOZA (SPAIN)"
7e766550-8110-4ee8-af41-adaf3b23babd,Pre-FEED Deliverables,Rotating equipment,Rotating equipment design philosophy,2026-01-14 08:28:00.670013+00,"PROJECT H2 PLANT IN LA ZAIDA, ZARAGOZA (SPAIN)"
81b99cf6-9d03-4f20-9f2b-893b644ab7e9,Pre-FEED Deliverables,Battery limit list,Sin Nombre,2026-01-14 08:28:00.670013+00,"PROJECT H2 PLANT IN LA ZAIDA, ZARAGOZA (SPAIN)"
82ad72b0-8eea-4726-901b-db69d29bf998,Pre-FEED Deliverables,Electrical,Electrical consumer list and load balance,2026-01-14 08:28:00.670013+00,"PROJECT H2 PLANT IN LA ZAIDA, ZARAGOZA (SPAIN)"
8365e47d-3a37-4efe-800a-ed1b8efb1dcd,Pre-FEED Deliverables,Safety distance compliance,Safety distance compliance Plot Plan,2026-01-14 08:28:00.670013+00,"PROJECT H2 PLANT IN LA ZAIDA, ZARAGOZA (SPAIN)"
8429a940-0b8d-47a3-9495-8bc021916bd4,Pre-FEED Deliverables,Corrosion control,Corrosion control and Material selection philosophy,2026-01-14 08:28:00.670013+00,"PROJECT H2 PLANT IN LA ZAIDA, ZARAGOZA (SPAIN)"
8e0c22a1-f216-48cf-99f6-3cd3f5be6293,Pre-FEED Deliverables,Planning,Project Overall Schedule Level 2,2026-01-14 08:28:00.670013+00,"PROJECT H2 PLANT IN LA ZAIDA, ZARAGOZA (SPAIN)"
8e480712-537e-4cec-8abe-18fa16142089,Pre-FEED Deliverables,Preliminary surveys,Preliminary surveys,2026-01-14 08:28:00.670013+00,"PROJECT H2 PLANT IN LA ZAIDA, ZARAGOZA (SPAIN)"
91d422f5-4f89-4f45-b374-0303c54ce081,Pre-FEED Deliverables,HSE,Firefighting and fire/gas detection and extinguishing system philosophy,2026-01-14 08:28:00.670013+00,"PROJECT H2 PLANT IN LA ZAIDA, ZARAGOZA (SPAIN)"
961fd69a-b792-4b94-8911-0697f1e1e09f,Pre-FEED Deliverables,Mechanical,Hazardous Area Classification Report,2026-01-14 08:28:00.670013+00,"PROJECT H2 PLANT IN LA ZAIDA, ZARAGOZA (SPAIN)"
98f515f2-0eb9-49ae-8ca7-14b390ed34fc,Pre-FEED Deliverables,Mechanical design basis,Sin Nombre,2026-01-14 08:28:00.670013+00,"PROJECT H2 PLANT IN LA ZAIDA, ZARAGOZA (SPAIN)"
9af05d57-0bc9-406e-96ec-4cc84c90dc58,Pre-FEED Deliverables,Control architecture,Sin Nombre,2026-01-14 08:28:00.670013+00,"PROJECT H2 PLANT IN LA ZAIDA, ZARAGOZA (SPAIN)"
aa34d049-66b1-4925-8e52-c733812d3d8a,Pre-FEED Deliverables,Buildings,"General arrangement drawing of each building (Electrolyzers, Compression and purification, Access control, Control room/electrical room/offices (including locker rooms, restrooms and common services), Workshop/warehouse/Hazardous waste warehouse, Fire protection,... )",2026-01-14 08:28:00.670013+00,"PROJECT H2 PLANT IN LA ZAIDA, ZARAGOZA (SPAIN)"
aa707768-bb4c-4b48-b1bf-d60cd9464f58,Pre-FEED Deliverables,Cost,CAPEX estimate Class 3 AACEI (-20% +30%),2026-01-14 08:28:00.670013+00,"PROJECT H2 PLANT IN LA ZAIDA, ZARAGOZA (SPAIN)"
aca5e950-d35f-407a-a06b-d6d4e5a20bd9,Pre-FEED Deliverables,General,Plant overall layout,2026-01-14 08:28:00.670013+00,"PROJECT H2 PLANT IN LA ZAIDA, ZARAGOZA (SPAIN)"
ad4c42eb-828a-4d7d-be13-42ec4c696320,Pre-FEED Deliverables,HAZID,Sin Nombre,2026-01-14 08:28:00.670013+00,"PROJECT H2 PLANT IN LA ZAIDA, ZARAGOZA (SPAIN)"
b2189bab-e6f4-4a78-9a8c-d80e0d4b9505,Pre-FEED Deliverables,Calculations,Calculations (in excel or Thermoflex/Aspen Hysys),2026-01-14 08:28:00.670013+00,"PROJECT H2 PLANT IN LA ZAIDA, ZARAGOZA (SPAIN)"
b60ba2eb-d835-4414-a297-16e3a7bb240f,Pre-FEED Deliverables,Technical and economical studies,Hydrogen production technical & economical tabulation,2026-01-14 08:28:00.670013+00,"PROJECT H2 PLANT IN LA ZAIDA, ZARAGOZA (SPAIN)"
be08fc3b-5278-4feb-910c-532bff50a34f,Pre-FEED Deliverables,Piping,Piping design philosophy,2026-01-14 08:28:00.670013+00,"PROJECT H2 PLANT IN LA ZAIDA, ZARAGOZA (SPAIN)"
c49962e7-bc31-4c55-8af6-1bc0fe2735d7,Pre-FEED Deliverables,Technical and economical studies,Hydrogen production vendor recommendation/selection,2026-01-14 08:28:00.670013+00,"PROJECT H2 PLANT IN LA ZAIDA, ZARAGOZA (SPAIN)"
c7294ba0-4c82-4acb-8415-38b244a4e1f7,Pre-FEED Deliverables,Civil,Civil and Structural Engineering,2026-01-14 08:28:00.670013+00,"PROJECT H2 PLANT IN LA ZAIDA, ZARAGOZA (SPAIN)"
ce1d8bcd-673d-4b52-b27a-a614de548ef0,Pre-FEED Deliverables,Telecommunication,Telecommunication system philosophy,2026-01-14 08:28:00.670013+00,"PROJECT H2 PLANT IN LA ZAIDA, ZARAGOZA (SPAIN)"
d6518664-c12f-4d72-b686-46dd5ea08607,Pre-FEED Deliverables,Mass and Energy balance,Sin Nombre,2026-01-14 08:28:00.670013+00,"PROJECT H2 PLANT IN LA ZAIDA, ZARAGOZA (SPAIN)"
d8dbcb87-4b7c-4028-9e8f-8bd8d7919bbe,Pre-FEED Deliverables,Buildings,General layout drawing,2026-01-14 08:28:00.670013+00,"PROJECT H2 PLANT IN LA ZAIDA, ZARAGOZA (SPAIN)"
dbd5bd3a-a0f6-4729-b92a-8f3b773dd6e9,Pre-FEED Deliverables,Hydraulic,Hydraulic calculations (main pumps and piping),2026-01-14 08:28:00.670013+00,"PROJECT H2 PLANT IN LA ZAIDA, ZARAGOZA (SPAIN)"
dc3a9f4e-62b8-459a-acb4-634a09af33cc,Pre-FEED Deliverables,Quantitative risk analysis,Sin Nombre,2026-01-14 08:28:00.670013+00,"PROJECT H2 PLANT IN LA ZAIDA, ZARAGOZA (SPAIN)"
dd7b8abb-80fe-4529-81fd-2e1176070d49,Pre-FEED Deliverables,Basis of design,Sin Nombre,2026-01-14 08:28:00.670013+00,"PROJECT H2 PLANT IN LA ZAIDA, ZARAGOZA (SPAIN)"
e1cfa589-e3c8-4ce2-8fbf-293b16a4bfce,Pre-FEED Deliverables,Field instrumentation,Field instrumentation philosophy,2026-01-14 08:28:00.670013+00,"PROJECT H2 PLANT IN LA ZAIDA, ZARAGOZA (SPAIN)"
f4c7db62-295d-48d0-9972-c02c8deb9fd0,Pre-FEED Deliverables,Cost,Operating and Maintenance estimate cost,2026-01-14 08:28:00.670013+00,"PROJECT H2 PLANT IN LA ZAIDA, ZARAGOZA (SPAIN)"
f8826310-79ad-471e-9331-333f2ab81026,Pre-FEED Deliverables,Equipment,Equipment list (including design and operating conditions and material),2026-01-14 08:28:00.670013+00,"PROJECT H2 PLANT IN LA ZAIDA, ZARAGOZA (SPAIN)"
fd0f28b5-875f-48d8-b223-575c5fe46a59,Pre-FEED Deliverables,Codes and Standards,Document management procedure and codification,2026-01-14 08:28:00.670013+00,"PROJECT H2 PLANT IN LA ZAIDA, ZARAGOZA (SPAIN)"
fe3977f3-484b-469b-9118-015e2ce12012,Pre-FEED Deliverables,Drainage,Drainage system description,2026-01-14 08:28:00.670013+00,"PROJECT H2 PLANT IN LA ZAIDA, ZARAGOZA (SPAIN)"
00633e8c-25dc-4f72-9f92-6041341381b1,Technical Evaluation,Mechanical Engineering,Compressors: non-lubricated piston,2026-01-14 09:26:46.581783+00,"PROJECT H2 PLANT IN LA ZAIDA, ZARAGOZA (SPAIN)"
035ba1b6-1a3a-4298-aa3d-0222f5038593,Technical Evaluation,General Requirements,TP-006: Contaminated water discharge,2026-01-14 09:26:46.581783+00,"PROJECT H2 PLANT IN LA ZAIDA, ZARAGOZA (SPAIN)"
04258eae-630f-473a-8bcb-00c034cadbee,Technical Evaluation,General Requirements,TP-007: Drinking water from local,2026-01-14 09:26:46.581783+00,"PROJECT H2 PLANT IN LA ZAIDA, ZARAGOZA (SPAIN)"
0482ba94-8bdd-4160-92bd-b76426aadf90,Technical Evaluation,Civil & Structural,Land use: Industrial urban,2026-01-14 09:26:46.581783+00,"PROJECT H2 PLANT IN LA ZAIDA, ZARAGOZA (SPAIN)"
07b713f5-5349-4e00-bc38-c7d13367901f,Technical Evaluation,General Requirements,Proposal deadline: 21/02/2025,2026-01-14 09:26:46.581783+00,"PROJECT H2 PLANT IN LA ZAIDA, ZARAGOZA (SPAIN)"
0e244fbd-9088-41f8-ac2f-a2434458f082,Technical Evaluation,General Requirements,TP-001: 30 kV grid supply,2026-01-14 09:26:46.581783+00,"PROJECT H2 PLANT IN LA ZAIDA, ZARAGOZA (SPAIN)"
12e2d66b-3c00-4b23-8332-7ce83a55aa55,Technical Evaluation,Mechanical Engineering,Nitrogen: PSA + bottle racks,2026-01-14 09:26:46.581783+00,"PROJECT H2 PLANT IN LA ZAIDA, ZARAGOZA (SPAIN)"
141b82e3-1f14-431e-ae85-0afa81bc4ede,Technical Evaluation,General Requirements,Vertex 05: X=715520 Y=4577214,2026-01-14 09:26:46.581783+00,"PROJECT H2 PLANT IN LA ZAIDA, ZARAGOZA (SPAIN)"
1d04349d-ce38-47ad-8f0a-e8a84885534e,Technical Evaluation,Mechanical Engineering,H2 pipeline: to Evonik facility,2026-01-14 09:26:46.581783+00,"PROJECT H2 PLANT IN LA ZAIDA, ZARAGOZA (SPAIN)"
20d8def9-4249-4e4e-a7d0-7d067161f9c8,Technical Evaluation,Instrumentation & Control,CCTV: perimeter surveillance,2026-01-14 09:26:46.581783+00,"PROJECT H2 PLANT IN LA ZAIDA, ZARAGOZA (SPAIN)"
24906bfa-f834-49b8-828a-479e1eeabce7,Technical Evaluation,General Requirements,TP-002: Demin water from Evonik,2026-01-14 09:26:46.581783+00,"PROJECT H2 PLANT IN LA ZAIDA, ZARAGOZA (SPAIN)"
2726bba3-315d-4c71-8727-dbd241125e3e,Technical Evaluation,Project Management,FEED deliverables: Annex III,2026-01-14 09:26:46.581783+00,"PROJECT H2 PLANT IN LA ZAIDA, ZARAGOZA (SPAIN)"
284d72c2-8f26-4b62-97e8-42cf337d98a8,Technical Evaluation,General Requirements,TP-003: EDI rejection to Evonik,2026-01-14 09:26:46.581783+00,"PROJECT H2 PLANT IN LA ZAIDA, ZARAGOZA (SPAIN)"
2de16a3f-a5ad-4853-af27-bcd196caafff,Technical Evaluation,HSE / Safety,Fire protection: passive/active,2026-01-14 09:26:46.581783+00,"PROJECT H2 PLANT IN LA ZAIDA, ZARAGOZA (SPAIN)"
3337bcb7-6fde-4eb8-b614-1b4ec052c733,Technical Evaluation,Project Management,Pre-FEED: intermittence study,2026-01-14 09:26:46.581783+00,"PROJECT H2 PLANT IN LA ZAIDA, ZARAGOZA (SPAIN)"
3445e839-a739-40e3-90b5-44ea26218c41,Technical Evaluation,HSE / Safety,Firefighting: water tank capacity,2026-01-14 09:26:46.581783+00,"PROJECT H2 PLANT IN LA ZAIDA, ZARAGOZA (SPAIN)"
355150b1-3683-4809-b240-67e2f2c839c2,Technical Evaluation,Quality Assurance,Code: ISO 8573-1:2010,2026-01-14 09:26:46.581783+00,"PROJECT H2 PLANT IN LA ZAIDA, ZARAGOZA (SPAIN)"
36ec8ff2-b97c-4f33-aa73-03f31b548129,Technical Evaluation,Project Management,FEED: Class 2 CAPEX,2026-01-14 09:26:46.581783+00,"PROJECT H2 PLANT IN LA ZAIDA, ZARAGOZA (SPAIN)"
3956479e-cb09-4e61-89a6-c9c57fe2c6f7,Technical Evaluation,HSE / Safety,Fire detection: integrated control,2026-01-14 09:26:46.581783+00,"PROJECT H2 PLANT IN LA ZAIDA, ZARAGOZA (SPAIN)"
3d9baa41-ea06-4993-b405-65b7c925560e,Technical Evaluation,Process Engineering,Cooling: air cooling/chillers,2026-01-14 09:26:46.581783+00,"PROJECT H2 PLANT IN LA ZAIDA, ZARAGOZA (SPAIN)"
3e93780f-6ef2-469d-9315-24bd7430145e,Technical Evaluation,General Requirements,Vertex 03: X=715542 Y=4577244,2026-01-14 09:26:46.581783+00,"PROJECT H2 PLANT IN LA ZAIDA, ZARAGOZA (SPAIN)"
3eb0ba9c-3789-45f1-9fea-9b9b644a7d8a,Technical Evaluation,Mechanical Engineering,Electrolyzer tech: PEM/Alkaline,2026-01-14 09:26:46.581783+00,"PROJECT H2 PLANT IN LA ZAIDA, ZARAGOZA (SPAIN)"
3fc5b99e-2e2e-4fa5-abf6-5670b9b27040,Technical Evaluation,Electrical Engineering,MV/LV transformers: included,2026-01-14 09:26:46.581783+00,"PROJECT H2 PLANT IN LA ZAIDA, ZARAGOZA (SPAIN)"
40ba2f01-b501-4cdb-9151-36b72c9060a8,Technical Evaluation,Project Management,Pre-FEED deliverables: Annex II,2026-01-14 09:26:46.581783+00,"PROJECT H2 PLANT IN LA ZAIDA, ZARAGOZA (SPAIN)"
46e35d8f-5260-4fea-b23f-e5ae2b00b17a,Technical Evaluation,Mechanical Engineering,Service air: ISO 8573-1 class 1.4.1,2026-01-14 09:26:46.581783+00,"PROJECT H2 PLANT IN LA ZAIDA, ZARAGOZA (SPAIN)"
4736aa46-fa35-4c85-b144-5fd57799ea92,Technical Evaluation,Mechanical Engineering,Compressors: oil-free,2026-01-14 09:26:46.581783+00,"PROJECT H2 PLANT IN LA ZAIDA, ZARAGOZA (SPAIN)"
4ad3242d-cf9a-4584-b041-5536347e025c,Technical Evaluation,General Requirements,Vertex 07: X=715411 Y=4577226,2026-01-14 09:26:46.581783+00,"PROJECT H2 PLANT IN LA ZAIDA, ZARAGOZA (SPAIN)"
4b1e7a7c-1de7-4569-9fda-e1c03fcdeefa,Technical Evaluation,Electrical Engineering,Grid supply: 30 kV,2026-01-14 09:26:46.581783+00,"PROJECT H2 PLANT IN LA ZAIDA, ZARAGOZA (SPAIN)"
4d988d59-d98b-41c4-8159-aef0588c0f14,Technical Evaluation,Process Engineering,Storage capacity: 4h @85% consumption,2026-01-14 09:26:46.581783+00,"PROJECT H2 PLANT IN LA ZAIDA, ZARAGOZA (SPAIN)"
4e0d9f8b-1193-4ec2-825c-41a8bf6db2f5,Technical Evaluation,Process Engineering,Effluents: recirculated to Evonik,2026-01-14 09:26:46.581783+00,"PROJECT H2 PLANT IN LA ZAIDA, ZARAGOZA (SPAIN)"
5b398f5a-ef9c-4733-ba6a-3ba682df4ea0,Technical Evaluation,Process Engineering,H2 production max: 4000 Nm3/h,2026-01-14 09:26:46.581783+00,"PROJECT H2 PLANT IN LA ZAIDA, ZARAGOZA (SPAIN)"
5c075ad3-9d7d-4f8a-aebb-93dc985dd368,Technical Evaluation,Process Engineering,H2 production avg: 3400 Nm3/h,2026-01-14 09:26:46.581783+00,"PROJECT H2 PLANT IN LA ZAIDA, ZARAGOZA (SPAIN)"
5ec2eb22-1630-48c9-a160-c4e23f29a445,Technical Evaluation,General Requirements,Vertex 01: X=715378 Y=4577278,2026-01-14 09:26:46.581783+00,"PROJECT H2 PLANT IN LA ZAIDA, ZARAGOZA (SPAIN)"
60cdf58d-3e87-442f-8097-bd3ae2fe8d86,Technical Evaluation,Process Engineering,H2 supply pressure (design): 7 barg,2026-01-14 09:26:46.581783+00,"PROJECT H2 PLANT IN LA ZAIDA, ZARAGOZA (SPAIN)"
617cdd27-f247-46e6-b6f4-f782aef988c5,Technical Evaluation,General Requirements,Vertex 04: X=715537 Y=4577212,2026-01-14 09:26:46.581783+00,"PROJECT H2 PLANT IN LA ZAIDA, ZARAGOZA (SPAIN)"
61eb6128-e6dd-463c-9af3-8033f3df60c5,Technical Evaluation,Civil & Structural,UTM Zone: 30 ETRS89,2026-01-14 09:26:46.581783+00,"PROJECT H2 PLANT IN LA ZAIDA, ZARAGOZA (SPAIN)"
6251f3f9-f09c-49d7-a28c-efd19d57af0c,Technical Evaluation,Process Engineering,H2 O2 max: 0.014% v/v,2026-01-14 09:26:46.581783+00,"PROJECT H2 PLANT IN LA ZAIDA, ZARAGOZA (SPAIN)"
671231fc-ff30-4050-91c8-7c9a07a1922d,Technical Evaluation,HSE / Safety,H2: no sulfur/CO/oil,2026-01-14 09:26:46.581783+00,"PROJECT H2 PLANT IN LA ZAIDA, ZARAGOZA (SPAIN)"
69516e9c-6f4f-4e22-aba5-08d4562db13c,Technical Evaluation,HSE / Safety,Safety distances: plot plan,2026-01-14 09:26:46.581783+00,"PROJECT H2 PLANT IN LA ZAIDA, ZARAGOZA (SPAIN)"
6daa1dbf-13e9-421c-90b5-3736a4858134,Technical Evaluation,Process Engineering,Storage pressure: 100 barg,2026-01-14 09:26:46.581783+00,"PROJECT H2 PLANT IN LA ZAIDA, ZARAGOZA (SPAIN)"
6e3f8493-da9d-4641-aedb-9d8cbf172cd2,Technical Evaluation,Electrical Engineering,DC system: included,2026-01-14 09:26:46.581783+00,"PROJECT H2 PLANT IN LA ZAIDA, ZARAGOZA (SPAIN)"
774b0936-77df-4659-8a29-efac290282ff,Technical Evaluation,Project Management,CAPEX Class 3: -20%/+30%,2026-01-14 09:26:46.581783+00,"PROJECT H2 PLANT IN LA ZAIDA, ZARAGOZA (SPAIN)"
7b1d32b9-f70b-42a5-ab50-def22e4d5f66,Technical Evaluation,General Requirements,"Location: La Zaida, Zaragoza",2026-01-14 09:26:46.581783+00,"PROJECT H2 PLANT IN LA ZAIDA, ZARAGOZA (SPAIN)"
835651a1-2848-405e-8ff1-76715b142fef,Technical Evaluation,Process Engineering,H2 temp supply: 20-40°C,2026-01-14 09:26:46.581783+00,"PROJECT H2 PLANT IN LA ZAIDA, ZARAGOZA (SPAIN)"
8b1cbf60-74cb-404f-8321-0c4136c61cea,Technical Evaluation,General Requirements,TP-004: H2 pipeline to Evonik,2026-01-14 09:26:46.581783+00,"PROJECT H2 PLANT IN LA ZAIDA, ZARAGOZA (SPAIN)"
8d707a7b-279e-4c91-8999-3d7e3fd72a4f,Technical Evaluation,Project Management,EPC tender: 5+ contractors,2026-01-14 09:26:46.581783+00,"PROJECT H2 PLANT IN LA ZAIDA, ZARAGOZA (SPAIN)"
9095c534-f459-407a-a648-96a3ba9e7460,Technical Evaluation,HSE / Safety,Noise limit: 75 dB(A) @1m,2026-01-14 09:26:46.581783+00,"PROJECT H2 PLANT IN LA ZAIDA, ZARAGOZA (SPAIN)"
90dab5b0-8518-4cc9-84c5-c7511c4282e6,Technical Evaluation,Mechanical Engineering,Nitrogen unit: PSA,2026-01-14 09:26:46.581783+00,"PROJECT H2 PLANT IN LA ZAIDA, ZARAGOZA (SPAIN)"
94bcb0a0-f84d-4c53-9a16-d621fafb00d2,Technical Evaluation,Process Engineering,Demin water conductivity: 0.2 μS/cm,2026-01-14 09:26:46.581783+00,"PROJECT H2 PLANT IN LA ZAIDA, ZARAGOZA (SPAIN)"
9711657a-0c9c-4c33-9d6b-be2d90e74155,Technical Evaluation,Mechanical Engineering,Service air dew point: 3°C,2026-01-14 09:26:46.581783+00,"PROJECT H2 PLANT IN LA ZAIDA, ZARAGOZA (SPAIN)"
9ce13f1c-29c8-4df2-aa68-4b3e4fb4ce09,Technical Evaluation,Project Management,CAPEX Class 2: -10%/+10%,2026-01-14 09:26:46.581783+00,"PROJECT H2 PLANT IN LA ZAIDA, ZARAGOZA (SPAIN)"
a0a388f3-21ad-41ba-a993-a72a2846fd60,Technical Evaluation,Mechanical Engineering,Instrument air: ISO 8573-1 class 1.2.0,2026-01-14 09:26:46.581783+00,"PROJECT H2 PLANT IN LA ZAIDA, ZARAGOZA (SPAIN)"
a2429c40-506e-4f64-845e-06a228f0a3e6,Technical Evaluation,Process Engineering,H2 supply pressure (op): 7 barg,2026-01-14 09:26:46.581783+00,"PROJECT H2 PLANT IN LA ZAIDA, ZARAGOZA (SPAIN)"
a4f10fdc-7213-4564-8f00-d023f4a95760,Technical Evaluation,HSE / Safety,F&G system: independent control,2026-01-14 09:26:46.581783+00,"PROJECT H2 PLANT IN LA ZAIDA, ZARAGOZA (SPAIN)"
a78835fe-2a96-44fe-8a32-8654aaa36282,Technical Evaluation,HSE / Safety,Effluents: homogenization tank,2026-01-14 09:26:46.581783+00,"PROJECT H2 PLANT IN LA ZAIDA, ZARAGOZA (SPAIN)"
a8702d77-0c10-4e01-b043-93fed5a0b8c8,Technical Evaluation,Civil & Structural,PGOU: industrial urban land,2026-01-14 09:26:46.581783+00,"PROJECT H2 PLANT IN LA ZAIDA, ZARAGOZA (SPAIN)"
a9952436-c501-4f3a-b388-9ea03ebf4145,Technical Evaluation,Process Engineering,H2 purity min: 99.95% v/v,2026-01-14 09:26:46.581783+00,"PROJECT H2 PLANT IN LA ZAIDA, ZARAGOZA (SPAIN)"
af6ccde1-c64e-460c-9428-80308047fb46,Technical Evaluation,General Requirements,Vertex 06: X=715517 Y=4577188,2026-01-14 09:26:46.581783+00,"PROJECT H2 PLANT IN LA ZAIDA, ZARAGOZA (SPAIN)"
b0d8b64c-eb6e-4586-9d70-49aace366284,Technical Evaluation,Civil & Structural,Building regs: height/occupation,2026-01-14 09:26:46.581783+00,"PROJECT H2 PLANT IN LA ZAIDA, ZARAGOZA (SPAIN)"
b1bfc371-ddba-4d7d-bede-acb2f2e1861f,Technical Evaluation,Process Engineering,H2 production max: 360 kg/h,2026-01-14 09:26:46.581783+00,"PROJECT H2 PLANT IN LA ZAIDA, ZARAGOZA (SPAIN)"
b36c3a16-dc0b-47b3-816e-35246fbf8db7,Technical Evaluation,Process Engineering,Demin water treatment: EDI,2026-01-14 09:26:46.581783+00,"PROJECT H2 PLANT IN LA ZAIDA, ZARAGOZA (SPAIN)"
b5bac27b-59fb-4c0f-8972-024fc7578f52,Technical Evaluation,General Requirements,Vertex 02: X=715528 Y=4577243,2026-01-14 09:26:46.581783+00,"PROJECT H2 PLANT IN LA ZAIDA, ZARAGOZA (SPAIN)"
bc9e03d8-c4fc-416f-b211-930f7085203e,Technical Evaluation,General Requirements,Vertex 09: X=715366 Y=4577238,2026-01-14 09:26:46.581783+00,"PROJECT H2 PLANT IN LA ZAIDA, ZARAGOZA (SPAIN)"
bcca5a4e-9d23-4dcf-ae6e-05314c6ca4ae,Technical Evaluation,Quality Assurance,Code: more restrictive applies,2026-01-14 09:26:46.581783+00,"PROJECT H2 PLANT IN LA ZAIDA, ZARAGOZA (SPAIN)"
c56d8326-74ae-456f-82e1-e5f0c42188ea,Technical Evaluation,Electrical Engineering,Power supply: 30 kV,2026-01-14 09:26:46.581783+00,"PROJECT H2 PLANT IN LA ZAIDA, ZARAGOZA (SPAIN)"
c598f93e-bb74-4209-9293-4255b984bd1b,Technical Evaluation,Electrical Engineering,Transformer: MV/LV,2026-01-14 09:26:46.581783+00,"PROJECT H2 PLANT IN LA ZAIDA, ZARAGOZA (SPAIN)"
c7505596-8a8d-4862-87db-1a7a42117c24,Technical Evaluation,Project Management,Pre-FEED: electrolyzer RFQ,2026-01-14 09:26:46.581783+00,"PROJECT H2 PLANT IN LA ZAIDA, ZARAGOZA (SPAIN)"
cd89c0eb-c4d4-4348-a45d-7928fab9a759,Technical Evaluation,Mechanical Engineering,Compressed air: oil-free,2026-01-14 09:26:46.581783+00,"PROJECT H2 PLANT IN LA ZAIDA, ZARAGOZA (SPAIN)"
d208fe7c-86d8-4362-a373-bc8ad9430436,Technical Evaluation,General Requirements,Quotation validity: 6 months,2026-01-14 09:26:46.581783+00,"PROJECT H2 PLANT IN LA ZAIDA, ZARAGOZA (SPAIN)"
d4c55365-3606-4045-9827-5918621ac284,Technical Evaluation,HSE / Safety,HAZID: required,2026-01-14 09:26:46.581783+00,"PROJECT H2 PLANT IN LA ZAIDA, ZARAGOZA (SPAIN)"
e0955d26-4d4f-469a-8070-baa9cb6f9876,Technical Evaluation,Civil & Structural,Plot area: 7943 m2,2026-01-14 09:26:46.581783+00,"PROJECT H2 PLANT IN LA ZAIDA, ZARAGOZA (SPAIN)"
e3c2be77-b286-4ed2-9b2d-42d8f029b69c,Technical Evaluation,Instrumentation & Control,H2 quality analyzer: included,2026-01-14 09:26:46.581783+00,"PROJECT H2 PLANT IN LA ZAIDA, ZARAGOZA (SPAIN)"
e59c29b0-8e5d-4502-bbe3-7ad2a5d0e81a,Technical Evaluation,Electrical Engineering,UPS system: included,2026-01-14 09:26:46.581783+00,"PROJECT H2 PLANT IN LA ZAIDA, ZARAGOZA (SPAIN)"
e7e29c3e-2ddf-42cc-83c5-8e752a4194bb,Technical Evaluation,Mechanical Engineering,Instrument air dew point: -40°C,2026-01-14 09:26:46.581783+00,"PROJECT H2 PLANT IN LA ZAIDA, ZARAGOZA (SPAIN)"
e7e6c616-1fc4-40a4-bc8d-5aa5c570cbb6,Technical Evaluation,General Requirements,Vertex 08: X=715367 Y=4577229,2026-01-14 09:26:46.581783+00,"PROJECT H2 PLANT IN LA ZAIDA, ZARAGOZA (SPAIN)"
e8103b3a-89ae-4dc3-893b-080e0f6e4a7d,Technical Evaluation,Mechanical Engineering,Oil content air: <0.01 mg/m3,2026-01-14 09:26:46.581783+00,"PROJECT H2 PLANT IN LA ZAIDA, ZARAGOZA (SPAIN)"
e87c682c-626f-440f-a91b-3743c7b95abf,Technical Evaluation,Civil & Structural,Parcel 2 area: 3378 m2,2026-01-14 09:26:46.581783+00,"PROJECT H2 PLANT IN LA ZAIDA, ZARAGOZA (SPAIN)"
e97fb280-9a58-4cd2-9c8b-2639dcc37584,Technical Evaluation,HSE / Safety,Fire detection: H2/O2/flame,2026-01-14 09:26:46.581783+00,"PROJECT H2 PLANT IN LA ZAIDA, ZARAGOZA (SPAIN)"
ed4cbfe1-fd2c-439b-9f40-6dd1f758a5f9,Technical Evaluation,HSE / Safety,Noise limit: 55 dB(A) @plot border,2026-01-14 09:26:46.581783+00,"PROJECT H2 PLANT IN LA ZAIDA, ZARAGOZA (SPAIN)"
f0d74dfe-7331-44c2-b107-b1e6aa30dcd3,Technical Evaluation,Process Engineering,H2 supply hours: 8500 h/year,2026-01-14 09:26:46.581783+00,"PROJECT H2 PLANT IN LA ZAIDA, ZARAGOZA (SPAIN)"
f15b15f8-6093-4cd2-87a5-40623a4586ea,Technical Evaluation,HSE / Safety,Effluents: hydrocarbon separator,2026-01-14 09:26:46.581783+00,"PROJECT H2 PLANT IN LA ZAIDA, ZARAGOZA (SPAIN)"
f2428b87-21c2-448e-8973-e10ef37662b3,Technical Evaluation,Civil & Structural,Parcel 1 area: 4565 m2,2026-01-14 09:26:46.581783+00,"PROJECT H2 PLANT IN LA ZAIDA, ZARAGOZA (SPAIN)"
f34221b3-9ac3-4aab-a056-b81cfe825756,Technical Evaluation,Process Engineering,H2 production annual: 3060 t/year @100%,2026-01-14 09:26:46.581783+00,"PROJECT H2 PLANT IN LA ZAIDA, ZARAGOZA (SPAIN)"
f98a6879-f227-4ebf-be77-e04d0fd8d8a6,Technical Evaluation,Quality Assurance,Regulation: EU RFNBO compliance,2026-01-14 09:26:46.581783+00,"PROJECT H2 PLANT IN LA ZAIDA, ZARAGOZA (SPAIN)"
f9d0d8c1-88db-47ac-9122-cc0bead8a9d0,Technical Evaluation,Process Engineering,H2 production annual: 2598 t/year @85%,2026-01-14 09:26:46.581783+00,"PROJECT H2 PLANT IN LA ZAIDA, ZARAGOZA (SPAIN)"
fa2e24e9-29f3-4264-bc3a-d203cdf4b791,Technical Evaluation,Mechanical Engineering,Cooling system: air cooling/chillers,2026-01-14 09:26:46.581783+00,"PROJECT H2 PLANT IN LA ZAIDA, ZARAGOZA (SPAIN)"
fabf0041-f57a-4cbb-98de-4eee2805f9ac,Technical Evaluation,General Requirements,TP-005: Rainwater to DPH,2026-01-14 09:26:46.581783+00,"PROJECT H2 PLANT IN LA ZAIDA, ZARAGOZA (SPAIN)"
fb8006d3-9636-4594-8b8c-c1685163c711,Technical Evaluation,Mechanical Engineering,Particulates air: <0.1 mg/m3,2026-01-14 09:26:46.581783+00,"PROJECT H2 PLANT IN LA ZAIDA, ZARAGOZA (SPAIN)"
fdc64b00-b6ac-4a9c-90d2-c43ab7c2579c,Technical Evaluation,Piping,H2 pipeline: metering station,2026-01-14 09:26:46.581783+00,"PROJECT H2 PLANT IN LA ZAIDA, ZARAGOZA (SPAIN)"
fff392f0-f9e8-4642-9e71-3f22a0358137,Technical Evaluation,Process Engineering,Buffer pressure: 40 barg,2026-01-14 09:26:46.581783+00,"PROJECT H2 PLANT IN LA ZAIDA, ZARAGOZA (SPAIN)"